-- MySQL dump 10.13  Distrib 5.7.17, for macos10.12 (x86_64)
--
-- Host: localhost    Database: prodcompare
-- ------------------------------------------------------
-- Server version	5.7.17

/*!40101 SET @OLD_CHARACTER_SET_CLIENT=@@CHARACTER_SET_CLIENT */;
/*!40101 SET @OLD_CHARACTER_SET_RESULTS=@@CHARACTER_SET_RESULTS */;
/*!40101 SET @OLD_COLLATION_CONNECTION=@@COLLATION_CONNECTION */;
/*!40101 SET NAMES utf8 */;
/*!40103 SET @OLD_TIME_ZONE=@@TIME_ZONE */;
/*!40103 SET TIME_ZONE='+00:00' */;
/*!40014 SET @OLD_UNIQUE_CHECKS=@@UNIQUE_CHECKS, UNIQUE_CHECKS=0 */;
/*!40014 SET @OLD_FOREIGN_KEY_CHECKS=@@FOREIGN_KEY_CHECKS, FOREIGN_KEY_CHECKS=0 */;
/*!40101 SET @OLD_SQL_MODE=@@SQL_MODE, SQL_MODE='NO_AUTO_VALUE_ON_ZERO' */;
/*!40111 SET @OLD_SQL_NOTES=@@SQL_NOTES, SQL_NOTES=0 */;

--
-- Table structure for table `products`
--

DROP TABLE IF EXISTS `products`;
/*!40101 SET @saved_cs_client     = @@character_set_client */;
/*!40101 SET character_set_client = utf8 */;
CREATE TABLE `products` (
  `id` varchar(1000) NOT NULL,
  `product_name` varchar(2000) DEFAULT NULL,
  `product_category` varchar(2000) DEFAULT NULL,
  `product_url` varchar(2000) DEFAULT NULL,
  `product_specs` varchar(2000) DEFAULT NULL,
  PRIMARY KEY (`id`)
) ENGINE=InnoDB DEFAULT CHARSET=latin1;
/*!40101 SET character_set_client = @saved_cs_client */;

--
-- Dumping data for table `products`
--

LOCK TABLES `products` WRITE;
/*!40000 ALTER TABLE `products` DISABLE KEYS */;
INSERT INTO `products` VALUES ('Asus Padfone Mini PF400CG (8GB)','Asus Padfone Mini PF400CG (8GB)','mobile','http://www.mysmartprice.com/mobile/asus-padfone-mini-pf400cg-msp7329',''),('Asus ZenFone 2 Deluxe (64 GB)','Asus ZenFone 2 Deluxe (64 GB)','mobile','http://www.mysmartprice.com/mobile/asus-zenfone-2-deluxe-msp7977','Yes3000 mAhxYes64GB13 M.PixelsPowerVR G6430No16M ColorsLi-PoYes5.5Android OS, v5.0 (Lollipop)Yes4GBMicro USB v2.01080p@30fps5 M.PixelsNo70.8 %Dual SIM (Micro SIM)401 pixels per inch (ppi)YesYesYesYes with Wi-Fi Direct, hotspot1080x1920 pixelsYesIPSCapacitivexYesv4.0 with A2DPNo1.8 GHz4 (Quad Core)MicroSD, 256GB'),('Asus Zenfone 2 Laser ZE500KL (8GB)','Asus Zenfone 2 Laser ZE500KL (8GB)','mobile','http://www.mysmartprice.com/mobile/asus-zenfone-2-laser-ze500kl-msp8683','Yes2400 mAhxYes8GB13 M.PixelsAdreno 306No16M ColorsLi-PoNo5.0Android OS, v5.0 (Lollipop)Yes2GBSnapdragon 410Micro USB v2.01080p@30fps5 M.PixelsNo67.1 %Dual SIM (Micro-SIM)294 pixels per inch (ppi)YesYesCortex-A53YesYes with Wi-Fi Direct, hotspot720x1280 pixelsYesCapacitivexYesv4.0 with A2DPNo1.2 GHzQualcomm MSM89164 (Quad Core)MicroSD, 128GB'),('Asus Zenfone 2 ZE550ML','Asus Zenfone 2 ZE550ML','mobile','http://www.mysmartprice.com/mobile/asus-zenfone-2-ze550ml-msp8787','Yes3000 mAhxYes16GB13 M.PixelsPowerVR G6430No16M ColorsLi-PoNo5.5Android OS, v5.0 (Lollipop)Yes2GBMicro USB v2.01080p@30fps5 M.PixelsNo70.8 %Dual SIM (Micro SIM)267 pixels per inch (ppi)YesYesYesYes720x1280 pixelsYesIPSCapacitivexYesv4.0 with A2DPNo1.8 GHz4 (Quad Core)MicroSD, 128GB'),('Asus Zenfone 2 ZE551ML (4GB RAM 16GB ROM 1.8 GHz)','Asus Zenfone 2 ZE551ML (4GB RAM 16GB ROM 1.8 GHz)','mobile','http://www.mysmartprice.com/mobile/asus-zenfone-2-ze551ml--4gb-ram-16gb-rom-1.8-ghz---msp8459','Yes3000 mAhxYes16GB13 M.PixelsPowerVR G6430Yes16M ColorsLi-PoYes5.5Android OS, v5.0 (Lollipop)Yes4GBMicro USB v2.01080p@30fps5 M.PixelsNo70.8 %Dual SIM (Micro-SIM)401 pixels per inch (ppi)YesYesYesYes with Wi-Fi Direct, hotspot1080x1920 pixelsYesIPSCapacitivexYesv4.0 With A2DP1.8 GHz4 (Quad Core)MicroSD, 256GB'),('Asus Zenfone 3 Deluxe 256 GB (ZS570KL)','Asus Zenfone 3 Deluxe 256 GB (ZS570KL)','mobile','http://www.mysmartprice.com/mobile/asus-zenfone-3-deluxe-256-gb-msp11714','Yes3000 mAhxYes256GB23 M.PixelsAdreno 530Yes16M ColorsLi-IonYes5.7Android OS, v6.0 (Marshmallow)Yes6GBSnapdragon 821v3.0, Type-C 1.02160p@30fps8 M.PixelsNo74.0 %Dual SIM (Nano SIM/ Micro SIM)386 pixels per inch (ppi)YesYesKryoYesYes with Wi-Fi Direct, hotspot1080x1920 pixelsYesSuper AMOLEDCapacitivexYesv4.2 with A2DPNo2.1 GHz (Dual Core) + 1.6 GHz (Dual Core)Qualcomm MSM89964 (Quad Core)MicroSD, 128GB'),('Asus Zenfone C','Asus Zenfone C','mobile','http://www.mysmartprice.com/mobile/asus-zenfone-c-msp5875','Yes2100 mAhxYes8GB5 M.PixelsPowerVR SGX544MP2No16M ColorsLi-IonNo4.5Android OS, v4.4.2 (KitKat)Yes1GBMicro USB v2.01080p@30fps0.3 M.PixelsNo61.0 %Dual SIM (Micro-SIM)218 pixels per inch (ppi)YesYesNoYes with hotspot480x854 pixelsYesIPS LCDCapacitivexYesv4.0 with A2DPNo1.2 GHz2 (Dual Core)MicroSD, 64GB'),('BlackBerry Priv','BlackBerry Priv','mobile','http://www.mysmartprice.com/mobile/blackberry-priv-msp9049','Yes3410 mAhxYes32GB18 M.PixelsAdreno 418Yes16M ColorsLi-IonYes5.4Android OS, v5.1.1 (Lollipop)Yes3GBSnapdragon 808Micro USB v2.02160p@30fps, 1080p@60fps2 M.PixelsNo71.9 %Single SIM (Nano-SIM)540 pixels per inch (ppi)Yes24 hrs (3G)YesCortex-A57YesYes with Wi-Fi Direct, hotspot1440x2560 pixels420 hrs (3G)YesAMOLEDCapacitivexYesv4.1 with A2DPNo1.8 GHz (Dual Core) + 1.44 GHz (Quad Core)Qualcomm MSM89926 (Hexa Core)MicroSD, 200GB'),('Celkon Ultra Q500','Celkon Ultra Q500','mobile','http://www.mysmartprice.com/mobile/celkon-ultra-q500-msp4783',''),('HTC Desire 626','HTC Desire 626','mobile','http://www.mysmartprice.com/mobile/htc-desire-626-msp5870','Yes2000 mAhxYes16GB13 M.PixelsMali-T760MP2No16M ColorsLi-IonNo5.0Android OS, v4.4.4 (KitKat)Yes2GBMicro USB v2.01080p@30fps5 M.PixelsNo66.2 %Dual SIM (Nano-SIM)294 pixels per inch (ppi)Yes30 hrs (3G)YesCortex-A53YesYes with DLNA, hotspot720x1280 pixels761 hrs (3G)YesCapacitive xYesv4.0 with A2DPNo1.7 GHz8 (Octa Core)MicroSD, 32GB'),('HTC Desire 816G Plus Octa Core','HTC Desire 816G Plus Octa Core','mobile','http://www.mysmartprice.com/mobile/htc-desire-816g-octa-core-msp5839',''),('HTC Desire 820s','HTC Desire 820s','mobile','http://www.mysmartprice.com/mobile/htc-desire-820s-msp5018','Yes2600 mAhxYes16GB13 M.PixelsMali-T760MP2No16M ColorsLi-PoNo5.5Android OS, v4.4.4 (KitKat)Yes2GBMicro USB v2.01080p@30fps8 M.PixelsNo67.2 %Dual SIM (Nano-SIM)267 pixels per inch (ppi)Yes12 hrs 10 min (3G)YesCortex-A53YesYes with hotspot720x1280 pixels560 hrs (3G)YesCapacitivexYesv4.0 with A2DPNo1.7 GHz8 (Octa Core)MicroSD, 32GB'),('HTC Desire XC','HTC Desire XC','mobile','http://www.mysmartprice.com/mobile/htc-desire-xc-msp3068',''),('IBall 2.4X Diamond','IBall 2.4X Diamond','mobile','http://www.mysmartprice.com/mobile/iball-2.4x-diamond-msp11267','Yes1800 mAhNo1.3 M.PixelsNoYesLi-IonNoNoNoMicro USB v2.0YesNoDual SIM (Mini SIM)167 pixels per inch (ppi)Yes65K ColorsYesNo2.4240x320 pixelsNoTFTNoNoNoMicroSD, 16GB'),('IBall Diamond 2','IBall Diamond 2','mobile','http://www.mysmartprice.com/mobile/iball-diamond-2-msp12196','Yes1800 mAhNo1.3 M.PixelsNoYesLi-IonNoNoNoMicro USBYesNoDual SIM167 pixels per inch (ppi)Yes65K ColorsYesNo2.4240x320 pixelsNoTFTNoNoNoMicroSD, 16GB'),('IBall King 3V','IBall King 3V','mobile','http://www.mysmartprice.com/mobile/iball-king-3v-msp10606','Yes1800 mAhNo0.3 M.PixelsNov2.0Li-IonNo1.8NoYesNoDual SIM (Mini-SIM)114 pixels per inch (ppi)Yes10 hrsYesNoNo128x160 pixels100 hrsNoTFTNoNoNoMicroSD, 16GB'),('Intex Aqua 4.0 4G','Intex Aqua 4.0 4G','mobile','http://www.mysmartprice.com/mobile/intex-aqua-4.0-4g-msp12239','Yes1500 mAhYes4GB2 M.PixelsARM A7MPNo16M ColorsLi-IonNo4.0Android OS, v6.0 (Marshmallow)Yes512MBMicro USB v2.0Yes0.3 M.PixelsNo70.8 %Dual SIM (Micro SIM)186 pixels per inch (ppi)Yes6 hrsYesCortex A7YesYes with hotspot360x640 pixels150 hrsYesAMOLEDCapacitiveNov4.1No1.3 GHz4 (Quad Core)MicroSD, 32GB'),('Intex Aqua A4','Intex Aqua A4','mobile','http://www.mysmartprice.com/mobile/intex-aqua-a4-msp12611','Yes1750 mAhYes8GB5 M.PixelsNo16M ColorsLi-IonNo4.0Android OS, v7.0 (Nougat)Yes1GBMicroUSB v2.0Yes2 M.PixelsNoDual SIM296 pixels per inch (ppi)YesYesYesYes with hotspot720x1080 pixelsYesIPS LCDCapacitiveYesv4.0No1.3 GHz4 (Quad Core)MicroSD, 64GB'),('Intex Aqua Lions 4G','Intex Aqua Lions 4G','mobile','http://www.mysmartprice.com/mobile/intex-aqua-lions-4g-msp12128','Yes2000 mAhYes8GB5 M.PixelsMali400No16M ColorsLi-IonNo5.0Android OS, v6.0 (Marshmallow)Yes1GBMicro USB v2.0Yes2 M.PixelsNoDual SIM196 pixels per inch (ppi)Yes8 hrsYesCortex-A7YesYes480x854 pixels350 hrsYesLCDCapacitiveYesYesYes1.3 GHz4 (Quad Core)MicroSD, 64GB'),('Intex Aqua Zenith','Intex Aqua Zenith','mobile','http://www.mysmartprice.com/mobile/intex-aqua-zenith--msp12690','Yes2000 mAhYes8GB5 M.PixelsNo16M ColorsLi-IonNo5.0Android OS, v7.0 (Nougat)Yes1GBMT6592MicroUSB v2.0Yes2 M.PixelsNoDual SIM218 pixels per inch (ppi)YesYesYesYes with hotspot480x854 pixelsYesIPS LCDCapacitiveYesv4.0No1.1 GHzMediaTek4 (Quad Core)MicroSD, 128GB'),('Karbonn K22 Plus','Karbonn K22 Plus','mobile','http://www.mysmartprice.com/mobile/karbonn-k22-plus-msp4739',''),('Karbonn K9 Boss','Karbonn K9 Boss','mobile','http://www.mysmartprice.com/mobile/karbonn-k9-boss-msp11699','Yes1750 mAhNo0.3 M.PixelsNoYesLi-IonNo2.4NoMicro USBYesNoDual SIM (Mini SIM)167 pixels per inch (ppi)YesYesNoNo240x320 pixelsNoTFTNoNoNoMicroSD, 32GB'),('Karbonn Titanium S4','Karbonn Titanium S4','mobile','http://www.mysmartprice.com/mobile/karbon-titanium-s4-msp3737',''),('Lenovo S930','Lenovo S930','mobile','http://www.mysmartprice.com/mobile/lenovo-s930-msp4110',''),('Lenovo Vibe K5 Note (4GB RAM)','Lenovo Vibe K5 Note (4GB RAM)','mobile','http://www.mysmartprice.com/mobile/lenovo-k5-note--4gb-msp11080','Yes3500 mAhxYes32GB13 M.PixelsMali-T860MP2No16M ColorsLi-PoYes5.5Android OS, v6.0 (Marshmallow)Yes4GBHelio P10Micro USB v2.01080p@30fps8 M.PixelsNo72.5 %Dual SIM (Nano-SIM)401 pixels per inch (ppi)Yes27 hrs 30 min (3G)YesCortex-A53YesYes with dual-band, WiFi Direct, hotspot1080x1920 pixels543 hrs (3G)YesLTPS IPS LCDCapacitivexYesv4.1 with A2DPNo1.8 GHzMediatek MT67558 (Octa Core)MicroSD, 128GB'),('LYF Wind 4S','LYF Wind 4S','mobile','http://www.mysmartprice.com/mobile/lyf-wind-4s-msp11541',''),('Micromax Bolt A089','Micromax Bolt A089','mobile','http://www.mysmartprice.com/mobile/micromax-bolt-a089-msp4039','Yes2100 mAhYes4GB2 M.PixelsMali-400No16M ColorsLi-IonNo4.0Android OS, v4.2 (Jelly Bean)Yes512MBMicro USB v2.0720p@15fps0.3 M.PixelsNo34.3 %Dual SIM (Mini SIM)233 pixels per inch (ppi)Yes7 hrsYesCortex-A7NoYes with hotspot480x800 pixels190 hrsYesCapacitiveYesv4.0No1.3 GHzMediatek MT65722 (Dual Core)MicroSD, 32GB'),('Micromax Canvas Blaze 4G','Micromax Canvas Blaze 4G','mobile','http://www.mysmartprice.com/mobile/micromax-canvas-blaze-4g-msp8468','Yes2000 mAh Yes8GB5 M.PixelsAdreno 304No16M ColorsLi-IonNo4.5Android OS, v5.1 (Lollipop)Yes1GBSnapdragon 210Micro USB v2.0720p2 M.PixelsNoDual SIM (Mini-SIM)218 pixels per inch (ppi)Yes6 hrsYesCortex-A7YesYes with hotspot480x854 pixels220 hrsYesIPS LCDCapacitiveYesv4.0No1.1 GHzQualcomm MSM89094 (Quad Core)MicroSD, 32GB'),('Micromax Canvas Evok (E483)','Micromax Canvas Evok (E483)','mobile','http://www.mysmartprice.com/mobile/micromax-canvas-evok-e483-msp10610','Yes3000 mAh16GB13 M.PixelsAdreno A405No16M ColorsLi-PoYesAndroid OS, v5.1 (Lollipop)Yes3GBSnapdragon 415Micro USB1080p5 M.PixelsNoDual SIM (Micro SIM, Nano SIM)267 pixels per inch (ppi)Yes10 hrsYesYes5.51280x720 pixels337 hrsYesIPSYesv4.0Yes1.4 GHzQualcomm8 (Octa Core)MicroSD, 64GB'),('Micromax Canvas Mega Q417','Micromax Canvas Mega Q417','mobile','http://www.mysmartprice.com/mobile/micromax-canvas-mega-q417-msp9221','Yes2500 mAhYes16GB13 M.PixelsMali-T720MP2No16M ColorsLi-IonNo5.5Android OS, v5.1 (Lollipop)Yes3GBMicro USB v2.01080p5 M.PixelsNoDual SIM (Micro-SIM/ Mini-SIM)267 pixels per inch (ppi)Yes8 hrsYesCortex-A53YesYes with hotspot1280x720 pixels280 hrsYesIPS LCDCapacitiveYesv4.0No1.3 GHz4 (Quad Core)MicroSD, 32GB'),('Micromax Canvas Pulse 4G','Micromax Canvas Pulse 4G','mobile','http://www.mysmartprice.com/mobile/micromax-canvas-pulse-4g-msp9189','Yes2100 mAhxYes16GB13 M.PixelsNo16M ColorsLi-IonNo5.0Android OS, v5.1 (Lollipop)Yes3GBMicro USB v2.0Yes5 M.PixelsNo69.5 %Dual SIM (Micro-SIM)294 pixels per inch (ppi)Yes8 hrs (3G)YesYesYes with hotspot720x1280 pixels190 hrs (3G)YesIPS LCDCapacitivexYesv4.0 with A2DPNo1.3 GHz8 (Octa Core)MicroSD, 32GB'),('Micromax Unite 4 Pro','Micromax Unite 4 Pro','mobile','http://www.mysmartprice.com/mobile/micromax-unite-4-pro-msp10900','Yes3900 mAhYes16GB8 M.PixelsNo16M ColorsLi-IonNo5.0Android OS, v5.1 (Lollipop)Yes2GBSpreadtrum SC9832Micro USB v2.0720p@30fps5 M.PixelsNoDual SIM (Micro-SIM)294 pixels per inch (ppi)Yes35 hrsYesCortex-A7YesYes with hotspot720x1280 pixels700 hrsYesIPS LCDCapacitiveYesv4.0No1.3 GHz4 (Quad Core)MicroSD, 32GB'),('Micromax X917','Micromax X917','mobile','http://www.mysmartprice.com/mobile/micromax-x917-msp12126','Yes1000 mAhNo0.3 M.PixelsNoYesLi-IonNoNoNoMicro USBYesNoDual SIM143 pixels per inch (ppi)Yes65K ColorsYesNo2.8240x320 pixelsNoTFTNoNoNoMicroSD, 16GB'),('Motorola Moto E','Motorola Moto E','mobile','http://www.mysmartprice.com/mobile/motorola-moto-e-msp4090','Yes1980 mAhxYes4GB5 M.PixelsAdreno 302No16M ColorsLi-IonNo4.3Android OS, v4.4.2 (KitKat)Yes1GBSnapdragon 200Micro USB v2.0480p@30fpsNoNo63.0 %Dual SIM (Micro-SIM)256 pixels per inch (ppi)YesYesCortex-A7NoYes with hotspot540x960 pixelsYesCapacitivexYesv4.0No1.2 GHzQualcomm2 (Dual Core)MicroSD, 32GB'),('Motorola Moto E3 Power','Motorola Moto E3 Power','mobile','http://www.mysmartprice.com/mobile/motorola-moto-e3-power-msp11238','Yes3500 mAhxYes16GB8 M.PixelsNo16M ColorsLi-IonNo5.0Android OS, v6.0 (Marshmallow)Yes2GBMicro USB v2.0Yes5 M.PixelsNoDual SIM (Nano SIM/ Micro SIM)294 pixels per inch (ppi)YesYesYesYes720x1280 pixelsYesIPSCapacitivexYesv4.0Yes1.0 GHzMediaTek MT6735P4 (Quad Core)MicroSD, 32GB'),('Motorola Moto G Turbo Edition','Motorola Moto G Turbo Edition','mobile','http://www.mysmartprice.com/mobile/motorola-moto-g-turbo-edition-msp8936','Yes2470 mAhxYes16GB13 M.PixelsAdreno 405No16M ColorsLi-IonNo5.0Android OS, v5.1.1 (Lollipop)Yes2GBSnapdragon 615Micro USB v2.01080p@30fps5 M.PixelsNo67.0 %Dual SIM (Micro-SIM)294 pixels per inch (ppi)YesYesCortex-A53YesYes with hotspot720x1280 pixelsYesIPS LCDCapacitivexYesv4.0 with A2DPNo1.5 GHz (Quad Core) + 1.0 GHz (Quad Core)Qualcomm MSM89398 (Octa Core)MicroSD, 32GB'),('Motorola Moto G4 (16 GB)','Motorola Moto G4 (16 GB)','mobile','http://www.mysmartprice.com/mobile/motorola-g--2016-msp10584','Yes3000 mAhxYes16GB13 M.PixelsAdreno 405No16M ColorsLi-IonYes5.5Android OS, v6.0.1 (Marshmallow)Yes2GBSnapdragon 617Micro USB v2.01080p(HD)@30fps5 M.PixelsNo71.2 %Dual SIM (Micro-SIM)401 pixels per inch (ppi)YesYesCortex-A53YesYes with Wi-Fi Direct, hotspot1080x1920 pixelsYesIPS LCDCapacitivexNov4.2 with A2DPYes1.5 GHz (Quad Core) + 1.2 GHz (Quad Core)Qualcomm MSM89528 (Octa Core)MicroSD, 128GB'),('Motorola Moto Turbo','Motorola Moto Turbo','mobile','http://www.mysmartprice.com/mobile/motorola-moto-turbo-msp6179','Yes3900 mAhxYes64GB21 M.PixelsAdreno 420Yes16M ColorsLi-PoYes5.2Android OS, v5.0.2 (Lollipop)Yes3GBSnapdragon 805Micro USB v2.02160p@24fps, 1080p@30fps2 M.PixelsYes70.9 %Single SIM (Nano-SIM)565 pixels per inch (ppi)YesYesYesYes with dual band, hotspot1440x2560 pixelsYesAMOLEDCapacitivexYesv4.0 with A2DPYes2.7 GHzQualcomm4 (Quad Core)No'),('Motorola X Force 64GB','Motorola X Force 64GB','mobile','http://www.mysmartprice.com/mobile/motorola-x-force-64gb-msp9732','Yes3760 mAhxYes64GB21 M.PixelsAdreno 430Yes16M ColorsLi-IonYes5.4Android OS, v5.1 (Lollipop)Yes3GBSnapdragon 810Micro USB v2.02160p(HD)@30fps, 1080p(HD)@30fps5 M.PixelsNo69.8 %Single SIM (Nano-SIM)540 pixels per inch (ppi)Yes25 hrs (3G)YesCortex-A53YesYes1440x2560 pixels500 hrs (3G)YesAMOLEDCapacitivexYesv4.1 with A2DPNo1.5 GHz (Quad Core) + 2.0 GHz (Quad Core)Qualcomm MSM89948 (Octa Core)MicroSD, 200GB'),('Panasonic Eluga I2 2GB RAM','Panasonic Eluga I2 2GB RAM','mobile','http://www.mysmartprice.com/mobile/panasonic-eluga-i2-2gb-ram-msp10822','Yes2000 mAhYes16GB8 M.PixelsNo16M ColorsLi-IonNo5.0Android OS, v5.1 (Lollipop)Yes2GBMicro USB v2.01080p@30fps2 M.PixelsNoDual SIM (Mini-SIM)294 pixels per inch (ppi)YesYesYesYes with hotspot720x1280 pixelsYesIPS LCDCapacitiveYesv4.0 with A2DPNo1.0 GHz4 (Quad Core)MicroSD, 32GB'),('Panasonic Eluga I3','Panasonic Eluga I3','mobile','http://www.mysmartprice.com/mobile/panasonic-eluga-i3-msp10589','NoLi-IonxYesYes71.7 %YesCapacitiveMicroSD, 32GBYes720x1280 pixelsxv4.0 with A2DP16GBNo5 M.Pixels13 M.PixelsNo16M ColorsYes5.5YesYesYes2700 mAhIPS LCDDual SIM (Micro-SIM)Android OS, v5.1 (Lollipop)267 pixels per inch (ppi)1.3 GHzYes with Wi-Fi Direct, hotspotNo4 (Quad Core)Micro USB v2.02GB'),('Panasonic Eluga Icon 2','Panasonic Eluga Icon 2','mobile','http://www.mysmartprice.com/mobile/panasonic-eluga-icon-2-msp10948','Yes3000 mAhYes16GB13 M.PixelsNo16M ColorsLi-IonNo5.5Android OS, v5.1 (Lollipop)Yes2GBMicro USB v2.01080p@30fps5 M.PixelsNoDual SIM (Micro-SIM)267 pixels per inch (ppi)YesYesYesYes720x1280 pixelsYesIPSCapacitiveYesYesYes1.3 GHz8 (Octa Core)MicroSD, 32GB'),('Panasonic Eluga Pulse','Panasonic Eluga Pulse','mobile','http://www.mysmartprice.com/mobile/panasonic-eluga-pulse-msp12221','Yes2200 mAhYes16GB13 M.PixelsNo16M ColorsLi-IonNo5.0Android OS, v6.0 (Marshmallow)Yes2GBMicro USB v2.0Yes5 M.PixelsNoSingle SIM218 pixels per inch (ppi)YesYesYesYes480x800 pixelsYesIPS LCDCapacitiveYesYesYes1.2 GHz4 (Quad Core)MicroSD, 128GB'),('Samsung Galaxy J2 (2016)','Samsung Galaxy J2 (2016)','mobile','http://www.mysmartprice.com/mobile/samsung-galaxy-j2--2016-msp10942','Yes2600 mAhYes8GB8 M.PixelsMali-400MP2No16M ColorsLi-IonYes5.0Android OS, v6.0 (Marshmallow)Yes1.5GBMicro USB v2.0Yes5 M.PixelsNoDual SIM (Micro-SIM)294 pixels per inch (ppi)YesYesCortex-A7YesYes720x1280 pixelsYesSuper AMOLED CapacitiveYesYesYes1.5 GHz4 (Quad Core)MicroSD, 128GB'),('Samsung Galaxy J5 Prime 32GB','Samsung Galaxy J5 Prime 32GB','mobile','http://www.mysmartprice.com/mobile/samsung-galaxy-j5-prime-32gb-msp12712','Yes2400 mAhxYes32GB13 M.PixelsMali-T720No16M ColorsLi-IonNo5.0Android OS, v6.0 (Marshmallow)Yes3GBMicroUSB v2.0Yes5 M.PixelsNo69.4 %Dual SIM294 pixels per inch (ppi)YesYesCortex-A53YesYes with hotspot720x1280 pixelsYesIPS LCDCapacitivexYesv4.2No1.4 GHzExynos 75704 (Quad Core)MicroSD, 256GB'),('Samsung Galaxy J7 Price','Samsung Galaxy J7 Price','mobile','http://www.mysmartprice.com/mobile/samsung-galaxy-j7-msp7178','Yes3000 mAhxYes16GB13 M.PixelsAdreno 405 Mali-T720MP2Yes16M ColorsLi-IonNo5.5Android OS, v5.1 (Lollipop)Yes1.5GBSnapdragon 615Micro USB v2.01080p@30fps5 M.PixelsNo69.6 %Dual SIM (Micro-SIM)267 pixels per inch (ppi)Yes18 hrs (3G)YesCortex-A53YesYes with Wi-Fi Direct, hotspot720x1280 pixelsYesSuper AMOLEDCapacitivexYesv4.1 with A2DPNo1.4 GHz (Quad Core) + 1.0 GHz (Quad Core)Qualcomm MSM89398 (Octa Core)MicroSD, 128 GB'),('Samsung Galaxy On7','Samsung Galaxy On7','mobile','http://www.mysmartprice.com/mobile/samsung-galaxy-on7-msp8811','Yes3000 mAhxYes8GB13 M.PixelsAdreno 306No16M ColorsLi-IonNo5.5Android OS, v5.1 (Lollipop)Yes1.5GBMicro USB v2.01080p@30fps5 M.PixelsNo70.9 %Dual SIM (Micro SIM)267 pixels per inch (ppi)Yes21 hrs (3G)YesYesYes with Wi-Fi Direct, hotspot720x1280 pixelsYesTFTCapacitivexYesv4.1 with A2DPNo1.2 GHz4 (Quad Core)MicroSD, 128GB'),('Samsung Galaxy S7','Samsung Galaxy S7','mobile','http://www.mysmartprice.com/mobile/samsung-galaxy-s7-msp9171','Yes3000 mAhxYes32GB12 M.PixelsMali-T880 MP12Yes16M ColorsLi-IonYes5.1Android OS, v6.0 (Marshmallow)Yes4GBMicro USB v2.02160p@30fps, 1080p@60fps, 720p@240fps5 M.PixelsNo72.1%Dual SIM (Nano SIM)577 pixels per inch (ppi)Yes22 hrs (3G)YesCortex-A53YesYes with dual-band, Wi-Fi Direct, hotspot2560X1440 pixelsYesSuper AMOLEDCapacitivexYesv4.2 with A2DPNo2.3 GHz (Quad Core) + 1.6 GHz (Quad Core)8 (Octa Core)MicroSD, 200GB'),('Sony Xperia E4 Dual','Sony Xperia E4 Dual','mobile','http://www.mysmartprice.com/mobile/sony-xperia-e4-dual-msp5873','Yes2300 mAhxYes8GB5 M.PixelsMali-400MP2No16M ColorsLi-IonNo5.0Android OS, v4.4.4 (KitKat)Yes1GBMicro USB v2.01080p(HD)@30fps2 M.PixelsNo67.4 %Dual SIM (Micro-SIM)220 pixels per inch (ppi)Yes12 hrs 40 min (3G)YesCortex-A7NoYes with Wi-Fi Direct, hotspot540x960 pixels548 hrs (3G)YesIPSCapacitivexYesv4.1 with A2DPNo1.3 GHzMediatek MT65824 (Quad Core)MicroSD, 32 GB'),('Spice Champ 1855','Spice Champ 1855','mobile','http://www.mysmartprice.com/mobile/spice-champ-1855-msp7991','Yes1800 mAhNo1.3 M.PixelsNoYesLi-IonNoNo65K ColorsNoMicro USB v2.0YesNoDual SIM (Mini SIM)114 pixels per inch (ppi)Yes6 hrsYesNo1.8128x160 Pixels350 hrsNoTFTNoNoNoMicroSD, 16GB'),('Xiaomi Redmi 2','Xiaomi Redmi 2','mobile','http://www.mysmartprice.com/mobile/xiaomi-redmi-2-msp6198','Yes2200 mAhxYes8GB8 M.PixelsAdreno 306No16M ColorsLi-PoNo4.7Android OS, v4.4.4 (KitKat)Yes1GBSnapdragon 410Micro USB v2.01080p@30fps2 M.PixelsNo67.6 %Dual SIM (Micro-SIM)312 pixels per inch (ppi)YesYesCortex-A53YesYes with Wi-Fi Direct, hotspot720x1280 pixelsYesIPS LCDCapacitivexYesv4.0 with A2DPNo1.2 GHzHiSilicon4 (Quad Core)MicroSD, 32 GB'),('Xiaomi Redmi 4 (16 GB)','Xiaomi Redmi 4 (16 GB)','mobile','http://www.mysmartprice.com/mobile/xiaomi-redmi-4-msp11146','Yes4100 mAhYes16GB13 M.PixelsNo16M ColorsLi-IonYes5.0Android OS, v6.0 (Marshmallow)Yes2GBSnapdragon 625Micro USB v2.0Yes5 M.PixelsNoDual SIM (Micro SIM)218 pixels per inch (ppi)YesYesYesYes720x1080 pixelsYesIPS LCDCapacitiveYesv4.1Yes2.0 GHz8 (Octa Core)MicroSD, 64GB'),('Xiaomi Redmi 4 32GB','Xiaomi Redmi 4 32GB','mobile','http://www.mysmartprice.com/mobile/xiaomi-redmi-4-32gb-msp12644','Yes4100 mAhxYes32GB13 M.PixelsNo16M ColorsLi-IonYes5.0Android OS, v6.0.1 (Marshmallow)Yes3GBSnapdragon 435MicroUSB 2.01080p@30fps5 M.PixelsNo69.1 %Dual SIM296 pixels per inch (ppi)YesYesCortex-A53YesYes with dual-band, WiFi Direct, hotspot720x1280 pixelsYesIPS LCDCapacitivexYesv4.1 with A2DPNo2.0 GHzQualcomm MSM89378 (Octa Core)MicroSD, 128GB'),('Xiaomi Redmi Note 3 (16 GB)','Xiaomi Redmi Note 3 (16 GB)','mobile','http://www.mysmartprice.com/mobile/xiaomi-redmi-note-3-msp9062','Yes4000 mAhxYes16GB16 M.PixelsAdreno 510No16M ColorsLi-PoYes5.5Android OS, v5.1 (Lollipop)Yes2GBSnapdragon 650Micro USB v2.01080p@30fps5 M.PixelsYes72.4 %Dual SIM (Micro-SIM/ Nano-SIM)403 pixels per inch (ppi)YesYesCortex-A53YesYes with dual-band, WiFi Direct, hotspot1080x1920 pixelsYesIPS LCDCapacitivexYesv4.1 with A2DPNo1.4 GHz (Quad Core) + 1.8 GHz (Dual Core)Qualcomm MSM89566 (Hexa Core)MicroSD, 256GB'),('Xolo Q600','Xolo Q600','mobile','http://www.mysmartprice.com/mobile/xolo-q600-msp3027','');
/*!40000 ALTER TABLE `products` ENABLE KEYS */;
UNLOCK TABLES;

--
-- Table structure for table `productstore`
--

DROP TABLE IF EXISTS `productstore`;
/*!40101 SET @saved_cs_client     = @@character_set_client */;
/*!40101 SET character_set_client = utf8 */;
CREATE TABLE `productstore` (
  `product_id` varchar(1000) NOT NULL,
  `store_id` varchar(1000) NOT NULL,
  PRIMARY KEY (`product_id`,`store_id`),
  KEY `store_id` (`store_id`),
  CONSTRAINT `productstore_ibfk_1` FOREIGN KEY (`product_id`) REFERENCES `products` (`id`),
  CONSTRAINT `productstore_ibfk_2` FOREIGN KEY (`store_id`) REFERENCES `store` (`id`)
) ENGINE=InnoDB DEFAULT CHARSET=latin1;
/*!40101 SET character_set_client = @saved_cs_client */;

--
-- Dumping data for table `productstore`
--

LOCK TABLES `productstore` WRITE;
/*!40000 ALTER TABLE `productstore` DISABLE KEYS */;
INSERT INTO `productstore` VALUES ('Samsung Galaxy S7','http://c.affiliateshopclues.com/?a=27&c=69&p=r&E=AXZHEP%2bFivk%3d&s1=&s2=electronics&s3=2017060275247&ckmrdr=http://www.shopclues.com/samsung-galaxy-s7-26.html%3Fty%3D0%26id%3D5-72-7c25fced-586b-4b37-b1da-e5527341e654%26mcid%3Daff%26tid%3Dnh%26utm_source%3DMysmartprice%26OfferId%3D15'),('Samsung Galaxy J2 (2016)','http://c.affiliateshopclues.com/?a=27&c=69&p=r&E=AXZHEP%2bFivk%3d&s1=&s2=electronics&s3=2017060275546&ckmrdr=http://www.shopclues.com/samsung-galaxy-j2-2016-edition-8gb-26.html%3Fty%3D0%26id%3D5-72-7c25fced-586b-4b37-b1da-e5527341e654%26mcid%3Daff%26tid%3Dnh%26utm_source%3DMysmartprice%26OfferId%3D15'),('Micromax Unite 4 Pro','http://c.affiliateshopclues.com/?a=27&c=69&p=r&E=AXZHEP%2bFivk%3d&s1=&s2=electronics&s3=2017060276378&ckmrdr=http://www.shopclues.com/micromax-canvas-unite4-pro-q465-1.html%3Fty%3D0%26id%3D5-72-7c25fced-586b-4b37-b1da-e5527341e654%26mcid%3Daff%26tid%3Dnh%26utm_source%3DMysmartprice%26OfferId%3D15'),('Asus Zenfone C','http://c.affiliateshopclues.com/?a=27&c=69&p=r&E=AXZHEP%2bFivk%3d&s1=&s2=electronics&s3=2017060276479&ckmrdr=http://www.shopclues.com/asus-zenfone-c-zc451cg-1a029ww-black-8-gb-5.html%3Fty%3D0%26id%3D5-72-7c25fced-586b-4b37-b1da-e5527341e654%26mcid%3Daff%26tid%3Dnh%26utm_source%3DMysmartprice%26OfferId%3D15'),('Asus Zenfone 2 ZE550ML','http://c.affiliateshopclues.com/?a=27&c=69&p=r&E=AXZHEP%2bFivk%3d&s1=&s2=electronics&s3=2017060276694&ckmrdr=http://www.shopclues.com/asus-zenfone-2-ze550ml-1.html%3Fty%3D0%26id%3D5-72-7c25fced-586b-4b37-b1da-e5527341e654%26mcid%3Daff%26tid%3Dnh%26utm_source%3DMysmartprice%26OfferId%3D15'),('HTC Desire 626','http://c.affiliateshopclues.com/?a=27&c=69&p=r&E=AXZHEP%2bFivk%3d&s1=&s2=electronics&s3=2017060276819&ckmrdr=http://www.shopclues.com/htc-desire-626-dual-sim-lte-3.html%3Fty%3D0%26id%3D5-72-7c25fced-586b-4b37-b1da-e5527341e654%26mcid%3Daff%26tid%3Dnh%26utm_source%3DMysmartprice%26OfferId%3D15'),('Motorola Moto G Turbo Edition','http://c.affiliateshopclues.com/?a=27&c=69&p=r&E=AXZHEP%2bFivk%3d&s1=&s2=electronics&s3=2017060276849&ckmrdr=http://www.shopclues.com/moto-g-turbo-edition-118579793.html%3Fty%3D0%26id%3D5-72-7c25fced-586b-4b37-b1da-e5527341e654%26mcid%3Daff%26tid%3Dnh%26utm_source%3DMysmartprice%26OfferId%3D15'),('Motorola Moto E','http://c.affiliateshopclues.com/?a=27&c=69&p=r&E=AXZHEP%2bFivk%3d&s1=&s2=electronics&s3=2017060276871&ckmrdr=http://www.shopclues.com/moto-e-black-8.html%3Fty%3D0%26id%3D5-72-7c25fced-586b-4b37-b1da-e5527341e654%26mcid%3Daff%26tid%3Dnh%26utm_source%3DMysmartprice%26OfferId%3D15'),('LYF Wind 4S','http://c.affiliateshopclues.com/?a=27&c=69&p=r&E=AXZHEP%2bFivk%3d&s1=&s2=electronics&s3=2017060277895&ckmrdr=http://www.shopclues.com/lyf-wind-4s-4000mah-battery--5-hd-display--2gb-16gb-black-p-116399621.html%3Fty%3D0%26id%3D5-72-7c25fced-586b-4b37-b1da-e5527341e654%26mcid%3Daff%26tid%3Dnh%26utm_source%3DMysmartprice%26OfferId%3D15'),('Panasonic Eluga Pulse','http://c.affiliateshopclues.com/?a=27&c=69&p=r&E=AXZHEP%2bFivk%3d&s1=&s2=electronics&s3=2017060278715&ckmrdr=http://www.shopclues.com/panasonic-eluga-pulse-2gb-16gb-p-116402001.html%3Fty%3D0%26id%3D5-72-7c25fced-586b-4b37-b1da-e5527341e654%26mcid%3Daff%26tid%3Dnh%26utm_source%3DMysmartprice%26OfferId%3D15'),('Intex Aqua Lions 4G','http://c.affiliateshopclues.com/?a=27&c=69&p=r&E=AXZHEP%2bFivk%3d&s1=&s2=electronics&s3=2017060279257&ckmrdr=http://www.shopclues.com/intex-aqua-lions-4g.html%3Fty%3D0%26id%3D5-72-7c25fced-586b-4b37-b1da-e5527341e654%26mcid%3Daff%26tid%3Dnh%26utm_source%3DMysmartprice%26OfferId%3D15'),('Intex Aqua 4.0 4G','http://c.affiliateshopclues.com/?a=27&c=69&p=r&E=AXZHEP%2bFivk%3d&s1=&s2=electronics&s3=2017060279366&ckmrdr=http://www.shopclues.com/intex-aqua-4.0-4g-champagne-p-116399677.html%3Fty%3D0%26id%3D5-72-7c25fced-586b-4b37-b1da-e5527341e654%26mcid%3Daff%26tid%3Dnh%26utm_source%3DMysmartprice%26OfferId%3D15'),('Motorola Moto E3 Power','http://rover.ebay.com/rover/1/4686-145536-10941-3/2?&site=Partnership_MSP&epi=2017060259633&mpre=http%3A%2F%2Fwww.ebay.in%2Fitm%2FMoto-E3-Power-White-16-GB-ROM-2-GB-RAM-New-Sealed-Pack-Manufactur-Waranty-%2F132198176017%3Faff_source%3Dmysmartprice&aff_source=mysmartprice'),('Samsung Galaxy J7 Price','http://rover.ebay.com/rover/1/4686-145536-10941-3/2?&site=Partnership_MSP&epi=2017060259667&mpre=http%3A%2F%2Fwww.ebay.in%2Fitm%2FSAMSUNG-Galaxy-J7-Black-16-GB-1-5-GB-RAM-%2F142378843117%3Faff_source%3Dmysmartprice&aff_source=mysmartprice'),('Samsung Galaxy J5 Prime 32GB','http://rover.ebay.com/rover/1/4686-145536-10941-3/2?&site=Partnership_MSP&epi=2017060259683&mpre=http%3A%2F%2Fwww.ebay.in%2Fitm%2FSAMSUNG-GALAXY-J5-PRIME-GOLD-NEW-EDITION-32-GB-ROM-3-GB-RAM-%2F142386817062%3Faff_source%3Dmysmartprice&aff_source=mysmartprice'),('Samsung Galaxy On7','http://rover.ebay.com/rover/1/4686-145536-10941-3/2?&site=Partnership_MSP&epi=2017060274717&mpre=http%3A%2F%2Fwww.ebay.in%2Fitm%2FSAMSUNG-Galaxy-On7-1-5-GB-RAM-black-VoLTE-8-GB-one-year-manufacturing-war-%2F252842743980%3Faff_source%3Dmysmartprice&aff_source=mysmartprice'),('Xiaomi Redmi Note 3 (16 GB)','http://rover.ebay.com/rover/1/4686-145536-10941-3/2?&site=Partnership_MSP&epi=2017060275166&mpre=http%3A%2F%2Fwww.ebay.in%2Fitm%2FXiaomi-Redmi-Note-3-16GB-2GB-RAM-Metallic-Silver-4G-Jio-Sealed-New-%2F272684729738%3Faff_source%3Dmysmartprice&aff_source=mysmartprice'),('Samsung Galaxy S7','http://rover.ebay.com/rover/1/4686-145536-10941-3/2?&site=Partnership_MSP&epi=2017060275231&mpre=http%3A%2F%2Fwww.ebay.in%2Fitm%2FSamsung-Galaxy-S7-32GB-Gold-1-year-Samsung-India-Warranty-Sealed-Pack-%2F282495863877%3Faff_source%3Dmysmartprice&aff_source=mysmartprice'),('Samsung Galaxy J2 (2016)','http://rover.ebay.com/rover/1/4686-145536-10941-3/2?&site=Partnership_MSP&epi=2017060275524&mpre=http%3A%2F%2Fwww.ebay.in%2Fitm%2FSAMSUNG-GALAXY-J2-2016-Silver-Free-Logitech-X50-worth-2499-%2F182597986025%3Faff_source%3Dmysmartprice&aff_source=mysmartprice'),('Micromax Canvas Mega Q417','http://rover.ebay.com/rover/1/4686-145536-10941-3/2?&site=Partnership_MSP&epi=2017060276338&mpre=http%3A%2F%2Fwww.ebay.in%2Fitm%2FNew-Micromax-Canvas-Mega-4G-Q417-Blue-%2F252917501226%3Faff_source%3Dmysmartprice&aff_source=mysmartprice'),('Xiaomi Redmi 2','http://rover.ebay.com/rover/1/4686-145536-10941-3/2?&site=Partnership_MSP&epi=2017060276425&mpre=http%3A%2F%2Fwww.ebay.in%2Fitm%2FRedmi-2-8-GB-1-GB-RAM-White-%2F252958887305%3Faff_source%3Dmysmartprice&aff_source=mysmartprice'),('Asus Zenfone 2 ZE551ML (4GB RAM 16GB ROM 1.8 GHz)','http://rover.ebay.com/rover/1/4686-145536-10941-3/2?&site=Partnership_MSP&epi=2017060276612&mpre=http%3A%2F%2Fwww.ebay.in%2Fitm%2FASUS-Zenfone-2-ZE551ML-16GB-4GB-Silver-1-8Ghz-4G-LTE-%2F222349587220%3Faff_source%3Dmysmartprice&aff_source=mysmartprice'),('Lenovo Vibe K5 Note (4GB RAM)','http://rover.ebay.com/rover/1/4686-145536-10941-3/2?&site=Partnership_MSP&epi=2017060276745&mpre=http%3A%2F%2Fwww.ebay.in%2Fitm%2FLenovo-Vibe-K5-Note-32-GB-4-GB-Sealed-Pack-4G-DUAL1-YEAR-WARRANTY-%2F262992078381%3Faff_source%3Dmysmartprice&aff_source=mysmartprice'),('HTC Desire 626','http://rover.ebay.com/rover/1/4686-145536-10941-3/2?&site=Partnership_MSP&epi=2017060276779&mpre=http%3A%2F%2Fwww.ebay.in%2Fitm%2FHTC-Desire-626-LTE-4G-2GB-RAM-16GB-ROM-Dual-SIM-13-MP-Camera-Blue-%2F182396640392%3Faff_source%3Dmysmartprice&aff_source=mysmartprice'),('Motorola Moto G Turbo Edition','http://rover.ebay.com/rover/1/4686-145536-10941-3/2?&site=Partnership_MSP&epi=2017060276862&mpre=http%3A%2F%2Fwww.ebay.in%2Fitm%2FBrand-new-sealed-moto-G-turbo-edition-2GB-RAM-16GB-ROM-1YR-warranty-13MP-5MP-%2F222444481246%3Faff_source%3Dmysmartprice&aff_source=mysmartprice'),('Micromax Canvas Evok (E483)','http://rover.ebay.com/rover/1/4686-145536-10941-3/2?&site=Partnership_MSP&epi=2017060276970&mpre=http%3A%2F%2Fwww.ebay.in%2Fitm%2FMICROMAX-CANVAS-E483-EVOK-%2F172681037236%3Faff_source%3Dmysmartprice&aff_source=mysmartprice'),('Micromax Canvas Blaze 4G','http://rover.ebay.com/rover/1/4686-145536-10941-3/2?&site=Partnership_MSP&epi=2017060277025&mpre=http%3A%2F%2Fwww.ebay.in%2Fitm%2FMicromax-Canvas-Blaze-4G-Black-8-GB-1-GB-RAM-%2F272630640046%3Faff_source%3Dmysmartprice&aff_source=mysmartprice'),('Micromax Canvas Pulse 4G','http://rover.ebay.com/rover/1/4686-145536-10941-3/2?&site=Partnership_MSP&epi=2017060277162&mpre=http%3A%2F%2Fwww.ebay.in%2Fitm%2FMicromax-Canvas-Pulse-E451-4G-VoLTE-3GB-Ram-16GB-ROM-13MP-Camera-HD-Display-%2F332109765950%3Faff_source%3Dmysmartprice&aff_source=mysmartprice'),('IBall Diamond 2','http://rover.ebay.com/rover/1/4686-145536-10941-3/2?&site=Partnership_MSP&epi=2017060277217&mpre=http%3A%2F%2Fwww.ebay.in%2Fitm%2FMobile-2-4K-Diamond2-Choco-Brown-Gold-%2F272581972569%3Faff_source%3Dmysmartprice&aff_source=mysmartprice'),('Motorola Moto G4 (16 GB)','http://rover.ebay.com/rover/1/4686-145536-10941-3/2?&site=Partnership_MSP&epi=2017060277256&mpre=http%3A%2F%2Fwww.ebay.in%2Fitm%2FMotorola-Moto-G4-Play-4th-Gen-2GB-16B-Black-XT1602-%2F252893628855%3Faff_source%3Dmysmartprice&aff_source=mysmartprice'),('Motorola Moto Turbo','http://rover.ebay.com/rover/1/4686-145536-10941-3/2?&site=Partnership_MSP&epi=2017060277992&mpre=http%3A%2F%2Fwww.ebay.in%2Fitm%2FMotorola-Moto-Turbo-64GB-BLACK-%2F272405548183%3Faff_source%3Dmysmartprice&aff_source=mysmartprice'),('Panasonic Eluga Pulse','http://rover.ebay.com/rover/1/4686-145536-10941-3/2?&site=Partnership_MSP&epi=2017060278717&mpre=http%3A%2F%2Fwww.ebay.in%2Fitm%2FPanasonic-Eluga-Pulse-Volte-2GB-Ram-16GB-Rom-13-5-Mp-Camera-Rose-Gold-%2F182509001620%3Faff_source%3Dmysmartprice&aff_source=mysmartprice'),('Panasonic Eluga I2 2GB RAM','http://rover.ebay.com/rover/1/4686-145536-10941-3/2?&site=Partnership_MSP&epi=2017060278724&mpre=http%3A%2F%2Fwww.ebay.in%2Fitm%2FPANASONIC-I2-2GB-RAM-16GB-ROM-4G-VoLTE-TRUE-LTE-BTR-THN-XIAOMI-REDMI-3S-NOTE-4-%2F162473010451%3Faff_source%3Dmysmartprice&aff_source=mysmartprice'),('Micromax X917','http://rover.ebay.com/rover/1/4686-145536-10941-3/2?&site=Partnership_MSP&epi=2017060278799&mpre=http%3A%2F%2Fwww.ebay.in%2Fitm%2FMicromax-X917-Dual-Sim-2-8-Screen-Voice-Call-Recording-Black-%2F282381507451%3Faff_source%3Dmysmartprice&aff_source=mysmartprice'),('Intex Aqua Lions 4G','http://rover.ebay.com/rover/1/4686-145536-10941-3/2?&site=Partnership_MSP&epi=2017060279273&mpre=http%3A%2F%2Fwww.ebay.in%2Fitm%2FIntex-Aqua-Lions-4G-1GB-Ram-8GB-Rom-5-2-MP-Camera-Champagne-%2F182537511572%3Faff_source%3Dmysmartprice&aff_source=mysmartprice'),('Intex Aqua 4.0 4G','http://rover.ebay.com/rover/1/4686-145536-10941-3/2?&site=Partnership_MSP&epi=2017060279373&mpre=http%3A%2F%2Fwww.ebay.in%2Fitm%2FIntex-Aqua-4-0-4G-512MB-Ram-4GB-Rom-Dual-Sim-champagne-%2F182537481917%3Faff_source%3Dmysmartprice&aff_source=mysmartprice'),('BlackBerry Priv','http://rover.ebay.com/rover/1/4686-203594-43235-94/2?&site=Partnership_MSP&epi=2017060279460&mpre=http%3A%2F%2Fwww.ebay.in%2Fitm%2FBlackBerry-PRIV-Black-Open-box-new-%2F112330354409%3Faff_source%3Dmysmartprice&aff_source=mysmartprice'),('Xiaomi Redmi Note 3 (16 GB)','http://shop.gadgetsnow.com/mobiles/smart-phones/redmi-note-3-16gb-gold-/10021/p_G10361?utm_source=mysmartprice&utm_medium=affiliate'),('Xiaomi Redmi 4 (16 GB)','http://shop.gadgetsnow.com/mobiles/smart-phones/xiaomi-redmi-4-black-16gb-2gb-ram-/10021/p_G24601?utm_source=mysmartprice&utm_medium=affiliate'),('Xiaomi Redmi 4 32GB','http://shop.gadgetsnow.com/mobiles/smart-phones/xiaomi-redmi-4-gold-32gb-3gb-ram-/10021/p_G24607?utm_source=mysmartprice&utm_medium=affiliate'),('Xolo Q600','http://www.amazon.in/dp/B00DQKUR4A/?&ie=UTF8&camp=3626&creative=24790&creativeASIN=9380349300&linkCode=as2&tag=mysm-21&ascsubtag=2017060276050'),('HTC Desire XC','http://www.amazon.in/dp/B00EAH8GLO/?&ie=UTF8&camp=3626&creative=24790&creativeASIN=9380349300&linkCode=as2&tag=mysm-21&ascsubtag=2017060279339'),('Micromax Bolt A089','http://www.amazon.in/dp/B00JS69E04/?&ie=UTF8&camp=3626&creative=24790&creativeASIN=9380349300&linkCode=as2&tag=mysm-21&ascsubtag=2017060277286'),('Karbonn K22 Plus','http://www.amazon.in/dp/B00NM8JY68/?&ie=UTF8&camp=3626&creative=24790&creativeASIN=9380349300&linkCode=as2&tag=mysm-21&ascsubtag=2017060279075'),('Celkon Ultra Q500','http://www.amazon.in/dp/B00PVWNLXA/?&ie=UTF8&camp=3626&creative=24790&creativeASIN=9380349300&linkCode=as2&tag=mysm-21&ascsubtag=2017060279067'),('Asus Padfone Mini PF400CG (8GB)','http://www.amazon.in/dp/B00RHWD4G6/?&ie=UTF8&camp=3626&creative=24790&creativeASIN=9380349300&linkCode=as2&tag=mysm-21&ascsubtag=2017060276451'),('Asus Zenfone C','http://www.amazon.in/dp/B00UX6AJTI/?&ie=UTF8&camp=3626&creative=24790&creativeASIN=9380349300&linkCode=as2&tag=mysm-21&ascsubtag=2017060276469'),('Sony Xperia E4 Dual','http://www.amazon.in/dp/B00UZ5O3XK/?&ie=UTF8&camp=3626&creative=24790&creativeASIN=9380349300&linkCode=as2&tag=mysm-21&ascsubtag=2017060276226'),('Spice Champ 1855','http://www.amazon.in/dp/B010X66EAK/?&ie=UTF8&camp=3626&creative=24790&creativeASIN=9380349300&linkCode=as2&tag=mysm-21&ascsubtag=2017060277817'),('Samsung Galaxy J7 Price','http://www.amazon.in/dp/B014DYVWWS/?&ie=UTF8&camp=3626&creative=24790&creativeASIN=9380349300&linkCode=as2&tag=mysm-21&ascsubtag=2017060259652'),('Asus Zenfone 2 Laser ZE500KL (8GB)','http://www.amazon.in/dp/B015FAR0GQ/?&ie=UTF8&camp=3626&creative=24790&creativeASIN=9380349300&linkCode=as2&tag=mysm-21&ascsubtag=2017060276503'),('Micromax Canvas Blaze 4G','http://www.amazon.in/dp/B016191DV8/?&ie=UTF8&camp=3626&creative=24790&creativeASIN=9380349300&linkCode=as2&tag=mysm-21&ascsubtag=2017060276997'),('BlackBerry Priv','http://www.amazon.in/dp/B0177UR8QE/?&ie=UTF8&camp=3626&creative=24790&creativeASIN=9380349300&linkCode=as2&tag=mysm-21&ascsubtag=2017060279486'),('Micromax Canvas Mega Q417','http://www.amazon.in/dp/B019SWFZ7S/?&ie=UTF8&camp=3626&creative=24790&creativeASIN=9380349300&linkCode=as2&tag=mysm-21&ascsubtag=2017060276270'),('HTC Desire 820s','http://www.amazon.in/dp/B019XLGER4/?&ie=UTF8&camp=3626&creative=24790&creativeASIN=9380349300&linkCode=as2&tag=mysm-21&ascsubtag=2017060279309'),('Motorola X Force 64GB','http://www.amazon.in/dp/B01A8DQS3G/?&ie=UTF8&camp=3626&creative=24790&creativeASIN=9380349300&linkCode=as2&tag=mysm-21&ascsubtag=2017060279390'),('Xiaomi Redmi Note 3 (16 GB)','http://www.amazon.in/dp/B01C2T6HVM/?&ie=UTF8&camp=3626&creative=24790&creativeASIN=9380349300&linkCode=as2&tag=mysm-21&ascsubtag=2017060275109'),('HTC Desire 626','http://www.amazon.in/dp/B01C3Z59ZA/?&ie=UTF8&camp=3626&creative=24790&creativeASIN=9380349300&linkCode=as2&tag=mysm-21&ascsubtag=2017060276767'),('Samsung Galaxy S7','http://www.amazon.in/dp/B01DBK3IZ4/?&ie=UTF8&camp=3626&creative=24790&creativeASIN=9380349300&linkCode=as2&tag=mysm-21&ascsubtag=2017060275224'),('Motorola Moto G4 (16 GB)','http://www.amazon.in/dp/B01DDP7GR8/?&ie=UTF8&camp=3626&creative=24790&creativeASIN=9380349300&linkCode=as2&tag=mysm-21&ascsubtag=2017060277265'),('Micromax Canvas Pulse 4G','http://www.amazon.in/dp/B01ECG01GU/?&ie=UTF8&camp=3626&creative=24790&creativeASIN=9380349300&linkCode=as2&tag=mysm-21&ascsubtag=2017060277159'),('Panasonic Eluga I3','http://www.amazon.in/dp/B01FW5JEIQ/?&ie=UTF8&camp=3626&creative=24790&creativeASIN=9380349300&linkCode=as2&tag=mysm-21&ascsubtag=2017060278759'),('Panasonic Eluga I2 2GB RAM','http://www.amazon.in/dp/B01FXSXGUE/?&ie=UTF8&camp=3626&creative=24790&creativeASIN=9380349300&linkCode=as2&tag=mysm-21&ascsubtag=2017060278722'),('Panasonic Eluga Icon 2','http://www.amazon.in/dp/B01HHXX89C/?&ie=UTF8&camp=3626&creative=24790&creativeASIN=9380349300&linkCode=as2&tag=mysm-21&ascsubtag=2017060278135'),('Samsung Galaxy J2 (2016)','http://www.amazon.in/dp/B01IP73KVA/?&ie=UTF8&camp=3626&creative=24790&creativeASIN=9380349300&linkCode=as2&tag=mysm-21&ascsubtag=2017060275512'),('Micromax Canvas Evok (E483)','http://www.amazon.in/dp/B01ISPCPGK/?&ie=UTF8&camp=3626&creative=24790&creativeASIN=9380349300&linkCode=as2&tag=mysm-21&ascsubtag=2017060276935'),('IBall King 3V','http://www.amazon.in/dp/B01JM1OHXS/?&ie=UTF8&camp=3626&creative=24790&creativeASIN=9380349300&linkCode=as2&tag=mysm-21&ascsubtag=2017060277250'),('LYF Wind 4S','http://www.amazon.in/dp/B01M58J3Y8/?&ie=UTF8&camp=3626&creative=24790&creativeASIN=9380349300&linkCode=as2&tag=mysm-21&ascsubtag=2017060277929'),('Asus Zenfone 3 Deluxe 256 GB (ZS570KL)','http://www.amazon.in/dp/B01M69Q6C3/?&ie=UTF8&camp=3626&creative=24790&creativeASIN=9380349300&linkCode=as2&tag=mysm-21&ascsubtag=2017060276643'),('Karbonn K9 Boss','http://www.amazon.in/dp/B01MRL7WAV/?&ie=UTF8&camp=3626&creative=24790&creativeASIN=9380349300&linkCode=as2&tag=mysm-21&ascsubtag=2017060277717'),('Micromax X917','http://www.amazon.in/dp/B01MZFXPCV/?&ie=UTF8&camp=3626&creative=24790&creativeASIN=9380349300&linkCode=as2&tag=mysm-21&ascsubtag=2017060278803'),('Intex Aqua 4.0 4G','http://www.amazon.in/dp/B01N4WWCHN/?&ie=UTF8&camp=3626&creative=24790&creativeASIN=9380349300&linkCode=as2&tag=mysm-21&ascsubtag=2017060279348'),('IBall 2.4X Diamond','http://www.amazon.in/dp/B01N5N1TP4/?&ie=UTF8&camp=3626&creative=24790&creativeASIN=9380349300&linkCode=as2&tag=mysm-21&ascsubtag=2017060277230'),('Intex Aqua Lions 4G','http://www.amazon.in/dp/B06WLMNRBQ/?&ie=UTF8&camp=3626&creative=24790&creativeASIN=9380349300&linkCode=as2&tag=mysm-21&ascsubtag=2017060279227'),('IBall Diamond 2','http://www.amazon.in/dp/B06X1FHG72/?&ie=UTF8&camp=3626&creative=24790&creativeASIN=9380349300&linkCode=as2&tag=mysm-21&ascsubtag=2017060277202'),('Intex Aqua A4','http://www.amazon.in/dp/B071VNQ7RT/?&ie=UTF8&camp=3626&creative=24790&creativeASIN=9380349300&linkCode=as2&tag=mysm-21&ascsubtag=2017060279277'),('Samsung Galaxy J5 Prime 32GB','http://www.amazon.in/dp/B071VTHKQ6/?&ie=UTF8&camp=3626&creative=24790&creativeASIN=9380349300&linkCode=as2&tag=mysm-21&ascsubtag=2017060259669'),('Intex Aqua Zenith','http://www.amazon.in/dp/B071YRW12Q/?&ie=UTF8&camp=3626&creative=24790&creativeASIN=9380349300&linkCode=as2&tag=mysm-21&ascsubtag=2017060278769'),('Xiaomi Redmi 4 (16 GB)','http://www.amazon.in/Redmi-4-Black-16-GB/dp/B01MT0QKAG?ie=UTF8&camp=3626&creative=24790&creativeASIN=9380349300&linkCode=as2&tag=mysm-21&ascsubtag=2017060259617'),('Xiaomi Redmi 4 32GB','http://www.amazon.in/Redmi-4-Black-32-GB/dp/B01NAKU5HE?ie=UTF8&camp=3626&creative=24790&creativeASIN=9380349300&linkCode=as2&tag=mysm-21&ascsubtag=2017060275345'),('BlackBerry Priv','http://www.croma.com/blackberry-priv-lte-black-32gb-/p/195721?cm_mmc=mysmartprice-_-affiliates-_-offers-_-na&utm_source=mysmartprice&utm_medium=affiliates&utm_campaign=na'),('Motorola X Force 64GB','http://www.croma.com/moto-x-force-64gb-lte-black-/p/195475?cm_mmc=mysmartprice-_-affiliates-_-offers-_-na&utm_source=mysmartprice&utm_medium=affiliates&utm_campaign=na'),('Samsung Galaxy J2 (2016)','http://www.croma.com/samsung-galaxy-j2-2016-black-8gb-/p/198045?cm_mmc=mysmartprice-_-affiliates-_-offers-_-na&utm_source=mysmartprice&utm_medium=affiliates&utm_campaign=na'),('Samsung Galaxy J5 Prime 32GB','http://www.croma.com/samsung-galaxy-j5-prime-black-32gb-mobile-phone/p/203357?cm_mmc=mysmartprice-_-affiliates-_-offers-_-na&utm_source=mysmartprice&utm_medium=affiliates&utm_campaign=na'),('Samsung Galaxy J7 Price','http://www.croma.com/samsung-galaxy-j7-black-16gb-/p/193209?cm_mmc=mysmartprice-_-affiliates-_-offers-_-na&utm_source=mysmartprice&utm_medium=affiliates&utm_campaign=na'),('Samsung Galaxy S7','http://www.croma.com/samsung-galaxy-s7-black-32gb-/p/196130?cm_mmc=mysmartprice-_-affiliates-_-offers-_-na&utm_source=mysmartprice&utm_medium=affiliates&utm_campaign=na'),('Xiaomi Redmi 4 (16 GB)','http://www.mi.com/in/redmi4/?utm_source=Branding_Redmi4&utm_medium=MSP&utm_campaign=topwidget&utm_content=1605'),('Intex Aqua Lions 4G','http://www.shop.gadgetsnow.com/mobiles/smart-phones/intex-aqua-lions-4g-8gb-grey-/10021/p_G22777?utm_source=mysmartprice&utm_medium=affiliate'),('LYF Wind 4S','http://www.shop.gadgetsnow.com/mobiles/smart-phones/lyf-wind-4s-4g-volte-16gb-brown-/10021/p_G22376?utm_source=mysmartprice&utm_medium=affiliate'),('Micromax Canvas Mega Q417','http://www.shop.gadgetsnow.com/mobiles/smart-phones/micromax-canvas-mega-4g-q417-16gb-blue-/10021/p_G20154?utm_source=mysmartprice&utm_medium=affiliate'),('Samsung Galaxy J2 (2016)','http://www.shop.gadgetsnow.com/mobiles/smart-phones/samsung-galaxy-j2-2016-edition-8gb-black-/10021/p_G16858?utm_source=mysmartprice&utm_medium=affiliate'),('Samsung Galaxy J7 Price','http://www.shop.gadgetsnow.com/mobiles/smart-phones/samsung-galaxy-j7-16gb-black-/10021/p_G10287?utm_source=mysmartprice&utm_medium=affiliate'),('Asus ZenFone 2 Deluxe (64 GB)','https://dl.flipkart.com/dl/asus-zenfone-2-deluxe-ze551ml-white-64-gb/p/itme9j58hnpg73sk?pid=MOBE9J58VDHXYVVD&affid=sulakshanm&affExtParam1=electronics&affExtParam2=2017060276541'),('Asus Zenfone 2 Laser ZE500KL (8GB)','https://dl.flipkart.com/dl/asus-zenfone-2-laser-ze500kl-black-8-gb/p/itme9j58vmc3kqfr?pid=MOBE9J58TEQ2U87Z&affid=sulakshanm&affExtParam1=electronics&affExtParam2=2017060276490'),('Asus Zenfone 2 ZE551ML (4GB RAM 16GB ROM 1.8 GHz)','https://dl.flipkart.com/dl/asus-zenfone-2-silver-16-gb/p/itme9j586mvs8ucu?pid=MOBE9J58PB3DHRDW&affid=sulakshanm&affExtParam1=electronics&affExtParam2=2017060276566'),('BlackBerry Priv','https://dl.flipkart.com/dl/blackberry-priv-black-32-gb/p/itmepzfe3ydyghz2?pid=MOBEPZFEFYJYFRWY&affid=sulakshanm&affExtParam1=electronics&affExtParam2=2017060279483'),('HTC Desire 626','https://dl.flipkart.com/dl/htc-desire-626-dual-sim-lte-white-birch-16-gb/p/itmemzmtzbazugmz?pid=MOBEFSQX46Q2HRZF&affid=sulakshanm&affExtParam1=electronics&affExtParam2=2017060276776'),('HTC Desire 816G Plus Octa Core','https://dl.flipkart.com/dl/htc-desire-816g-octa-core-white-16-gb/p/itme5z8pru3auarj?pid=MOBE4C8CGEA2M7C6&affid=sulakshanm&affExtParam1=electronics&affExtParam2=2017060279345'),('HTC Desire 820s','https://dl.flipkart.com/dl/htc-desire-820s-milkyway-grey-16-gb/p/itme9yzbytdydzjn?pid=MOBE5MFBYSSPZWYU&affid=sulakshanm&affExtParam1=electronics&affExtParam2=2017060279311'),('Intex Aqua 4.0 4G','https://dl.flipkart.com/dl/intex-aqua-4-0-4g-black-4-gb/p/itmer7s8tvp7utzu?pid=MOBER7S8M4BEEPH2&affid=sulakshanm&affExtParam1=electronics&affExtParam2=2017060279382'),('Intex Aqua Lions 4G','https://dl.flipkart.com/dl/intex-aqua-lions-4g-champange-8-gb/p/itmervf9jwdc2wqv?pid=MOBERVFBNNJAPYGA&affid=sulakshanm&affExtParam1=electronics&affExtParam2=2017060279241'),('Karbonn K9 Boss','https://dl.flipkart.com/dl/karbonn-k9-boss/p/itmezmdcg9yh4snv?pid=MOBEZMD8Y9F6WDD7&affid=sulakshanm&affExtParam1=electronics&affExtParam2=2017060277726'),('Karbonn Titanium S4','https://dl.flipkart.com/dl/karbonn-titanium-s4-black-4-gb/p/itme6g49nhhjfg9s?pid=MOBDRYWHA3ZU9BRT&affid=sulakshanm&affExtParam1=electronics&affExtParam2=2017060279113'),('Lenovo S930','https://dl.flipkart.com/dl/lenovo-s930-silver-8-gb/p/itmdsn9rwdsnetyc?pid=MOBDSN9HMAYFGMVY&affid=sulakshanm&affExtParam1=electronics&affExtParam2=2017060279167'),('Lenovo Vibe K5 Note (4GB RAM)','https://dl.flipkart.com/dl/lenovo-vibe-k5-note-gold-32-gb/p/itmejj6kczvxej4g?pid=MOBEJJ6K5A3GQ9SU&affid=sulakshanm&affExtParam1=electronics&affExtParam2=2017060276737'),('LYF Wind 4S','https://dl.flipkart.com/dl/lyf-wind-4s-brown-16-gb/p/itmeqs3khtcyzmge?pid=MOBEQS3KGYN2AG7F&affid=sulakshanm&affExtParam1=electronics&affExtParam2=2017060277932'),('Micromax Canvas Mega Q417','https://dl.flipkart.com/dl/micromax-canvas-mega-4g-blue-16-gb/p/itmeef7f8f3aqpzy?pid=MOBEEF7FGYUHZMQ8&affid=sulakshanm&affExtParam1=electronics&affExtParam2=2017060276348'),('Micromax Canvas Pulse 4G','https://dl.flipkart.com/dl/micromax-canvas-pulse-4g-grey-16-gb/p/itmedsak5secaz9v?pid=MOBEDSAKYCSDYETF&affid=sulakshanm&affExtParam1=electronics&affExtParam2=2017060277182'),('Micromax Canvas Blaze 4G','https://dl.flipkart.com/dl/micromax-q400-black-8-gb/p/itmecpk2sg2t9z4q?pid=MOBECPK22PTGADZR&affid=sulakshanm&affExtParam1=electronics&affExtParam2=2017060277067'),('Motorola Moto E3 Power','https://dl.flipkart.com/dl/moto-e3-power-black-16-gb/p/itmekgt2fbywqgcv?pid=MOBEKGT2HGDGADFW&affid=sulakshanm&affExtParam1=electronics&affExtParam2=2017060259629'),('Motorola Moto G Turbo Edition','https://dl.flipkart.com/dl/moto-g-turbo-white-16-gb/p/itmecc4uhbue7ve6?pid=MOBECC4UQTJ5QZFR&affid=sulakshanm&affExtParam1=electronics&affExtParam2=2017060276843'),('Motorola Moto Turbo','https://dl.flipkart.com/dl/moto-turbo-black-64-gb/p/itme45h87vyhb3mg?pid=MOBE45H673ZGUCVX&affid=sulakshanm&affExtParam1=electronics&affExtParam2=2017060278005'),('Motorola X Force 64GB','https://dl.flipkart.com/dl/moto-x-force-black-64-gb/p/itmefqpktzg2kpdz?pid=MOBEEFX2DU9FGGEP&affid=sulakshanm&affExtParam1=electronics&affExtParam2=2017060279395'),('Panasonic Eluga Pulse','https://dl.flipkart.com/dl/panasonic-eluga-pulse-gold-16-gb/p/itmesq3p6eygcwpf?pid=MOBESQ3PM8XWHX3E&affid=sulakshanm&affExtParam1=electronics&affExtParam2=2017060278719'),('Xiaomi Redmi Note 3 (16 GB)','https://dl.flipkart.com/dl/redmi-note-3-silver-16-gb/p/itmeuyycyww8uwnu?pid=MOBEG3ZZZXRUTVN4&affid=sulakshanm&affExtParam1=electronics&affExtParam2=2017060275202'),('Samsung Galaxy J2 (2016)','https://dl.flipkart.com/dl/samsung-galaxy-j2-2016-black-8-gb/p/itmeheuhgpdthrey?pid=MOBEHEUH4HYRT7TZ&affid=sulakshanm&affExtParam1=electronics&affExtParam2=2017060275521'),('Samsung Galaxy J5 Prime 32GB','https://dl.flipkart.com/dl/samsung-galaxy-j5-prime-gold-32-gb/p/itmeu7jz5egxaghm?pid=MOBEU7JZE4GAQM24&affid=sulakshanm&affExtParam1=electronics&affExtParam2=2017060259677'),('Samsung Galaxy J7 Price','https://dl.flipkart.com/dl/samsung-galaxy-j7-white-16-gb/p/itme9c8et7parvhy?pid=MOBE93GW9XJXNXES&affid=sulakshanm&affExtParam1=electronics&affExtParam2=2017060259659'),('Samsung Galaxy On7','https://dl.flipkart.com/dl/samsung-galaxy-on7-black-8-gb/p/itmedhx3jgmu2gps?pid=MOBECCA5SMRSKCNY&affid=sulakshanm&affExtParam1=electronics&affExtParam2=2017060274707'),('Samsung Galaxy S7','https://dl.flipkart.com/dl/samsung-galaxy-s7-silver-titanium-32-gb/p/itmehgj9xtbrfpuf?pid=MOBEGFZPKXDMDBJ2&affid=sulakshanm&affExtParam1=electronics&affExtParam2=2017060275242'),('Xolo Q600','https://dl.flipkart.com/dl/xolo-q600-white-4-gb/p/itmdmdh9uzydrypj?pid=MOBDMDKSFWGFG5MW&affid=sulakshanm&affExtParam1=electronics&affExtParam2=2017060275946'),('IBall Diamond 2','https://gadgets360.com/shop/iball-diamond-2-feature-phone-black-and-blue-343432332d37343533?utm_source=mysmartprice&utm_medium=affiliate&utm_campaign=Gadgets360shop&affid=17786'),('Intex Aqua 4.0 4G','https://gadgets360.com/shop/intex-aqua-4-0-4g-black-4gb-343337342d37333732?utm_source=mysmartprice&utm_medium=affiliate&utm_campaign=Gadgets360shop&affid=17786'),('Lenovo Vibe K5 Note (4GB RAM)','https://gadgets360.com/shop/lenovo-vibe-k5-note-4-gb-ram-32-gb-gold-343631312d37373337?utm_source=mysmartprice&utm_medium=affiliate&utm_campaign=Gadgets360shop&affid=17786'),('LYF Wind 4S','https://gadgets360.com/shop/lyf-wind-4s-blue-16-gb-333737342d36333834?utm_source=mysmartprice&utm_medium=affiliate&utm_campaign=Gadgets360shop&affid=17786'),('Micromax Canvas Blaze 4G','https://gadgets360.com/shop/micromax-canvas-blaze-q400-black-8-gb-323038312d33363135?utm_source=mysmartprice&utm_medium=affiliate&utm_campaign=Gadgets360shop&affid=17786'),('Micromax Canvas Mega Q417','https://gadgets360.com/shop/micromax-canvas-mega-4g-q417-blue-16-gb-333638332d36323333?utm_source=mysmartprice&utm_medium=affiliate&utm_campaign=Gadgets360shop&affid=17786'),('Micromax Unite 4 Pro','https://gadgets360.com/shop/micromax-canvas-unite-4-pro-q465-4g-gold-16gb-343731372d37383933?utm_source=mysmartprice&utm_medium=affiliate&utm_campaign=Gadgets360shop&affid=17786'),('Panasonic Eluga I2 2GB RAM','https://gadgets360.com/shop/panasonic-eluga-i2-4g-with-2-gb-ram-metallic-silver-16-gb-323734322d36323335?utm_source=mysmartprice&utm_medium=affiliate&utm_campaign=Gadgets360shop&affid=17786'),('Samsung Galaxy J7 Price','https://gadgets360.com/shop/samsung-galaxy-j7-4g-black-16-gb-33382d313031?utm_source=mysmartprice&utm_medium=affiliate&utm_campaign=Gadgets360shop&affid=17786'),('Xiaomi Redmi Note 3 (16 GB)','https://gadgets360.com/shop/xiaomi-redmi-note-3-grey-16-gb-2-gb-ram-323332312d37373237?utm_source=mysmartprice&utm_medium=affiliate&utm_campaign=Gadgets360shop&affid=17786'),('Asus Zenfone 2 ZE550ML','https://shopmonk.com/asus-zenfone-2-dual-ze550ml?storage=331&color=203&utm_source=mysmartprice&utm_medium=affiliate'),('BlackBerry Priv','https://shopmonk.com/blackberry-priv?storage=334&color=124&ram=4061&utm_source=mysmartprice&utm_medium=affiliate'),('Motorola Moto E3 Power','https://shopmonk.com/motorola-moto-e3-power?storage=331&color=124&ram=2414&utm_source=mysmartprice&utm_medium=affiliate'),('Samsung Galaxy S7','https://shopmonk.com/samsung-galaxy-s7-4g?storage=334&color=125&utm_source=mysmartprice&utm_medium=affiliate'),('Sony Xperia E4 Dual','https://shopmonk.com/sony-xperia-e4-dual?storage=335&color=124&utm_source=mysmartprice&utm_medium=affiliate'),('HTC Desire 626','https://www.infibeam.com/Mobiles/htc-desire-626-4g-lte/P-mobi-8540127334-cat-z.html?trackId=gadget_store&subTrackId=2017060276822#variantId=P-mobi-93439408160'),('Xolo Q600','https://www.infibeam.com/Mobiles/xolo-q600/P-mobi-89450943239-cat-z.html?trackId=gadget_store&subTrackId=2017060275985#variantId=P-mobi-63394598524'),('HTC Desire 626','https://www.tatacliq.com/htc-desire-626-dual-sim-lte-16gb-blue-lagoon/p-mp000000000060041?cid=af:products:mysmartprice:cps:2017060276824'),('Intex Aqua 4.0 4G','https://www.tatacliq.com/intex-aqua-4-0-4g-dual-sim-4-gb-black/p-mp000000001118983?cid=af:products:mysmartprice:cps:2017060279353'),('Intex Aqua Lions 4G','https://www.tatacliq.com/intex-aqua-lions-4g-dual-sim-8gb-rom-with-1gb-ram-grey/p-mp000000001171589?cid=af:products:mysmartprice:cps:2017060279270'),('Intex Aqua Zenith','https://www.tatacliq.com/intex-aqua-zenith-8-gb-champagne-1gb-ram-dual-sim-4g/p-mp000000001452704?cid=af:products:mysmartprice:cps:2017060278771'),('LYF Wind 4S','https://www.tatacliq.com/lyf-wind-4s-4g-dual-sim-16-gb-blue/p-mp000000000838476?cid=af:products:mysmartprice:cps:2017060277979'),('Micromax Canvas Mega Q417','https://www.tatacliq.com/micromax-canvas-mega-4g-dual-sim-16-gb-blue/p-mp000000000822626?cid=af:products:mysmartprice:cps:2017060276280'),('Micromax Canvas Pulse 4G','https://www.tatacliq.com/micromax-canvas-pulse-4g-e451-dual-sim-16-gb-grey/p-mp000000000195966?cid=af:products:mysmartprice:cps:2017060277172'),('Micromax Unite 4 Pro','https://www.tatacliq.com/micromax-canvas-unite-4-pro-q465-4g-dual-sim-16-gb-gold/p-mp000000000637081?cid=af:products:mysmartprice:cps:2017060276395'),('Motorola X Force 64GB','https://www.tatacliq.com/motorola-x-force-64-gb-grey/p-mp000000000138818?cid=af:products:mysmartprice:cps:2017060279408');
/*!40000 ALTER TABLE `productstore` ENABLE KEYS */;
UNLOCK TABLES;

--
-- Table structure for table `store`
--

DROP TABLE IF EXISTS `store`;
/*!40101 SET @saved_cs_client     = @@character_set_client */;
/*!40101 SET character_set_client = utf8 */;
CREATE TABLE `store` (
  `id` varchar(1000) NOT NULL,
  `store_product_id` varchar(2000) DEFAULT NULL,
  `store_price` int(11) DEFAULT NULL,
  `product_shipping` varchar(2000) DEFAULT NULL,
  `product_delivery` varchar(2000) DEFAULT NULL,
  PRIMARY KEY (`id`)
) ENGINE=InnoDB DEFAULT CHARSET=latin1;
/*!40101 SET character_set_client = @saved_cs_client */;

--
-- Dumping data for table `store`
--

LOCK TABLES `store` WRITE;
/*!40000 ALTER TABLE `store` DISABLE KEYS */;
INSERT INTO `store` VALUES ('http://c.affiliateshopclues.com/?a=27&c=69&p=r&E=AXZHEP%2bFivk%3d&s1=&s2=electronics&s3=2017060275247&ckmrdr=http://www.shopclues.com/samsung-galaxy-s7-26.html%3Fty%3D0%26id%3D5-72-7c25fced-586b-4b37-b1da-e5527341e654%26mcid%3Daff%26tid%3Dnh%26utm_source%3DMysmartprice%26OfferId%3D15',NULL,43400,'Free','7-9 Days delivery'),('http://c.affiliateshopclues.com/?a=27&c=69&p=r&E=AXZHEP%2bFivk%3d&s1=&s2=electronics&s3=2017060275546&ckmrdr=http://www.shopclues.com/samsung-galaxy-j2-2016-edition-8gb-26.html%3Fty%3D0%26id%3D5-72-7c25fced-586b-4b37-b1da-e5527341e654%26mcid%3Daff%26tid%3Dnh%26utm_source%3DMysmartprice%26OfferId%3D15',NULL,8890,'Free','7-9 Days delivery'),('http://c.affiliateshopclues.com/?a=27&c=69&p=r&E=AXZHEP%2bFivk%3d&s1=&s2=electronics&s3=2017060276378&ckmrdr=http://www.shopclues.com/micromax-canvas-unite4-pro-q465-1.html%3Fty%3D0%26id%3D5-72-7c25fced-586b-4b37-b1da-e5527341e654%26mcid%3Daff%26tid%3Dnh%26utm_source%3DMysmartprice%26OfferId%3D15',NULL,6999,'Free','7-9 Days delivery'),('http://c.affiliateshopclues.com/?a=27&c=69&p=r&E=AXZHEP%2bFivk%3d&s1=&s2=electronics&s3=2017060276479&ckmrdr=http://www.shopclues.com/asus-zenfone-c-zc451cg-1a029ww-black-8-gb-5.html%3Fty%3D0%26id%3D5-72-7c25fced-586b-4b37-b1da-e5527341e654%26mcid%3Daff%26tid%3Dnh%26utm_source%3DMysmartprice%26OfferId%3D15',NULL,7159,'Free','7-9 Days delivery'),('http://c.affiliateshopclues.com/?a=27&c=69&p=r&E=AXZHEP%2bFivk%3d&s1=&s2=electronics&s3=2017060276694&ckmrdr=http://www.shopclues.com/asus-zenfone-2-ze550ml-1.html%3Fty%3D0%26id%3D5-72-7c25fced-586b-4b37-b1da-e5527341e654%26mcid%3Daff%26tid%3Dnh%26utm_source%3DMysmartprice%26OfferId%3D15',NULL,7999,'Free','7-9 Days delivery'),('http://c.affiliateshopclues.com/?a=27&c=69&p=r&E=AXZHEP%2bFivk%3d&s1=&s2=electronics&s3=2017060276819&ckmrdr=http://www.shopclues.com/htc-desire-626-dual-sim-lte-3.html%3Fty%3D0%26id%3D5-72-7c25fced-586b-4b37-b1da-e5527341e654%26mcid%3Daff%26tid%3Dnh%26utm_source%3DMysmartprice%26OfferId%3D15',NULL,9999,'Free','7-9 Days delivery'),('http://c.affiliateshopclues.com/?a=27&c=69&p=r&E=AXZHEP%2bFivk%3d&s1=&s2=electronics&s3=2017060276849&ckmrdr=http://www.shopclues.com/moto-g-turbo-edition-118579793.html%3Fty%3D0%26id%3D5-72-7c25fced-586b-4b37-b1da-e5527341e654%26mcid%3Daff%26tid%3Dnh%26utm_source%3DMysmartprice%26OfferId%3D15',NULL,11000,'Free','7-9 Days delivery'),('http://c.affiliateshopclues.com/?a=27&c=69&p=r&E=AXZHEP%2bFivk%3d&s1=&s2=electronics&s3=2017060276871&ckmrdr=http://www.shopclues.com/moto-e-black-8.html%3Fty%3D0%26id%3D5-72-7c25fced-586b-4b37-b1da-e5527341e654%26mcid%3Daff%26tid%3Dnh%26utm_source%3DMysmartprice%26OfferId%3D15',NULL,6999,'Free','Out of stock'),('http://c.affiliateshopclues.com/?a=27&c=69&p=r&E=AXZHEP%2bFivk%3d&s1=&s2=electronics&s3=2017060277895&ckmrdr=http://www.shopclues.com/lyf-wind-4s-4000mah-battery--5-hd-display--2gb-16gb-black-p-116399621.html%3Fty%3D0%26id%3D5-72-7c25fced-586b-4b37-b1da-e5527341e654%26mcid%3Daff%26tid%3Dnh%26utm_source%3DMysmartprice%26OfferId%3D15',NULL,5899,'Free','7-9 Days delivery'),('http://c.affiliateshopclues.com/?a=27&c=69&p=r&E=AXZHEP%2bFivk%3d&s1=&s2=electronics&s3=2017060278715&ckmrdr=http://www.shopclues.com/panasonic-eluga-pulse-2gb-16gb-p-116402001.html%3Fty%3D0%26id%3D5-72-7c25fced-586b-4b37-b1da-e5527341e654%26mcid%3Daff%26tid%3Dnh%26utm_source%3DMysmartprice%26OfferId%3D15',NULL,8775,'Free','7-9 Days delivery'),('http://c.affiliateshopclues.com/?a=27&c=69&p=r&E=AXZHEP%2bFivk%3d&s1=&s2=electronics&s3=2017060279257&ckmrdr=http://www.shopclues.com/intex-aqua-lions-4g.html%3Fty%3D0%26id%3D5-72-7c25fced-586b-4b37-b1da-e5527341e654%26mcid%3Daff%26tid%3Dnh%26utm_source%3DMysmartprice%26OfferId%3D15',NULL,4799,'Free','7-9 Days delivery'),('http://c.affiliateshopclues.com/?a=27&c=69&p=r&E=AXZHEP%2bFivk%3d&s1=&s2=electronics&s3=2017060279366&ckmrdr=http://www.shopclues.com/intex-aqua-4.0-4g-champagne-p-116399677.html%3Fty%3D0%26id%3D5-72-7c25fced-586b-4b37-b1da-e5527341e654%26mcid%3Daff%26tid%3Dnh%26utm_source%3DMysmartprice%26OfferId%3D15',NULL,3599,'Free','7-9 Days delivery'),('http://rover.ebay.com/rover/1/4686-145536-10941-3/2?&site=Partnership_MSP&epi=2017060259633&mpre=http%3A%2F%2Fwww.ebay.in%2Fitm%2FMoto-E3-Power-White-16-GB-ROM-2-GB-RAM-New-Sealed-Pack-Manufactur-Waranty-%2F132198176017%3Faff_source%3Dmysmartprice&aff_source=mysmartprice',NULL,8199,'Free','3-5 Days delivery'),('http://rover.ebay.com/rover/1/4686-145536-10941-3/2?&site=Partnership_MSP&epi=2017060259667&mpre=http%3A%2F%2Fwww.ebay.in%2Fitm%2FSAMSUNG-Galaxy-J7-Black-16-GB-1-5-GB-RAM-%2F142378843117%3Faff_source%3Dmysmartprice&aff_source=mysmartprice',NULL,10990,'Free','3-5 Days delivery'),('http://rover.ebay.com/rover/1/4686-145536-10941-3/2?&site=Partnership_MSP&epi=2017060259683&mpre=http%3A%2F%2Fwww.ebay.in%2Fitm%2FSAMSUNG-GALAXY-J5-PRIME-GOLD-NEW-EDITION-32-GB-ROM-3-GB-RAM-%2F142386817062%3Faff_source%3Dmysmartprice&aff_source=mysmartprice',NULL,14900,'Free','3-5 Days delivery'),('http://rover.ebay.com/rover/1/4686-145536-10941-3/2?&site=Partnership_MSP&epi=2017060274717&mpre=http%3A%2F%2Fwww.ebay.in%2Fitm%2FSAMSUNG-Galaxy-On7-1-5-GB-RAM-black-VoLTE-8-GB-one-year-manufacturing-war-%2F252842743980%3Faff_source%3Dmysmartprice&aff_source=mysmartprice',NULL,9180,'Free','3-5 Days delivery'),('http://rover.ebay.com/rover/1/4686-145536-10941-3/2?&site=Partnership_MSP&epi=2017060275166&mpre=http%3A%2F%2Fwww.ebay.in%2Fitm%2FXiaomi-Redmi-Note-3-16GB-2GB-RAM-Metallic-Silver-4G-Jio-Sealed-New-%2F272684729738%3Faff_source%3Dmysmartprice&aff_source=mysmartprice',NULL,10399,'Free','3-5 Days delivery'),('http://rover.ebay.com/rover/1/4686-145536-10941-3/2?&site=Partnership_MSP&epi=2017060275231&mpre=http%3A%2F%2Fwww.ebay.in%2Fitm%2FSamsung-Galaxy-S7-32GB-Gold-1-year-Samsung-India-Warranty-Sealed-Pack-%2F282495863877%3Faff_source%3Dmysmartprice&aff_source=mysmartprice',NULL,41888,'Free','3-5 Days delivery'),('http://rover.ebay.com/rover/1/4686-145536-10941-3/2?&site=Partnership_MSP&epi=2017060275524&mpre=http%3A%2F%2Fwww.ebay.in%2Fitm%2FSAMSUNG-GALAXY-J2-2016-Silver-Free-Logitech-X50-worth-2499-%2F182597986025%3Faff_source%3Dmysmartprice&aff_source=mysmartprice',NULL,8799,'Free','3-5 Days delivery'),('http://rover.ebay.com/rover/1/4686-145536-10941-3/2?&site=Partnership_MSP&epi=2017060276338&mpre=http%3A%2F%2Fwww.ebay.in%2Fitm%2FNew-Micromax-Canvas-Mega-4G-Q417-Blue-%2F252917501226%3Faff_source%3Dmysmartprice&aff_source=mysmartprice',NULL,9699,'Free','3-5 Days delivery'),('http://rover.ebay.com/rover/1/4686-145536-10941-3/2?&site=Partnership_MSP&epi=2017060276425&mpre=http%3A%2F%2Fwww.ebay.in%2Fitm%2FRedmi-2-8-GB-1-GB-RAM-White-%2F252958887305%3Faff_source%3Dmysmartprice&aff_source=mysmartprice',NULL,6777,'Free','3-5 Days delivery'),('http://rover.ebay.com/rover/1/4686-145536-10941-3/2?&site=Partnership_MSP&epi=2017060276612&mpre=http%3A%2F%2Fwww.ebay.in%2Fitm%2FASUS-Zenfone-2-ZE551ML-16GB-4GB-Silver-1-8Ghz-4G-LTE-%2F222349587220%3Faff_source%3Dmysmartprice&aff_source=mysmartprice',NULL,14995,'Free','3-5 Days delivery'),('http://rover.ebay.com/rover/1/4686-145536-10941-3/2?&site=Partnership_MSP&epi=2017060276745&mpre=http%3A%2F%2Fwww.ebay.in%2Fitm%2FLenovo-Vibe-K5-Note-32-GB-4-GB-Sealed-Pack-4G-DUAL1-YEAR-WARRANTY-%2F262992078381%3Faff_source%3Dmysmartprice&aff_source=mysmartprice',NULL,11999,'Free','3-5 Days delivery'),('http://rover.ebay.com/rover/1/4686-145536-10941-3/2?&site=Partnership_MSP&epi=2017060276779&mpre=http%3A%2F%2Fwww.ebay.in%2Fitm%2FHTC-Desire-626-LTE-4G-2GB-RAM-16GB-ROM-Dual-SIM-13-MP-Camera-Blue-%2F182396640392%3Faff_source%3Dmysmartprice&aff_source=mysmartprice',NULL,9898,'Free','3-5 Days delivery'),('http://rover.ebay.com/rover/1/4686-145536-10941-3/2?&site=Partnership_MSP&epi=2017060276862&mpre=http%3A%2F%2Fwww.ebay.in%2Fitm%2FBrand-new-sealed-moto-G-turbo-edition-2GB-RAM-16GB-ROM-1YR-warranty-13MP-5MP-%2F222444481246%3Faff_source%3Dmysmartprice&aff_source=mysmartprice',NULL,12985,'Free','3-5 Days delivery'),('http://rover.ebay.com/rover/1/4686-145536-10941-3/2?&site=Partnership_MSP&epi=2017060276970&mpre=http%3A%2F%2Fwww.ebay.in%2Fitm%2FMICROMAX-CANVAS-E483-EVOK-%2F172681037236%3Faff_source%3Dmysmartprice&aff_source=mysmartprice',NULL,8999,'Free','3-5 Days delivery'),('http://rover.ebay.com/rover/1/4686-145536-10941-3/2?&site=Partnership_MSP&epi=2017060277025&mpre=http%3A%2F%2Fwww.ebay.in%2Fitm%2FMicromax-Canvas-Blaze-4G-Black-8-GB-1-GB-RAM-%2F272630640046%3Faff_source%3Dmysmartprice&aff_source=mysmartprice',NULL,5499,'Free','3-5 Days delivery'),('http://rover.ebay.com/rover/1/4686-145536-10941-3/2?&site=Partnership_MSP&epi=2017060277162&mpre=http%3A%2F%2Fwww.ebay.in%2Fitm%2FMicromax-Canvas-Pulse-E451-4G-VoLTE-3GB-Ram-16GB-ROM-13MP-Camera-HD-Display-%2F332109765950%3Faff_source%3Dmysmartprice&aff_source=mysmartprice',NULL,7690,'Free','3-5 Days delivery'),('http://rover.ebay.com/rover/1/4686-145536-10941-3/2?&site=Partnership_MSP&epi=2017060277217&mpre=http%3A%2F%2Fwww.ebay.in%2Fitm%2FMobile-2-4K-Diamond2-Choco-Brown-Gold-%2F272581972569%3Faff_source%3Dmysmartprice&aff_source=mysmartprice',NULL,1198,'Free','3-5 Days delivery'),('http://rover.ebay.com/rover/1/4686-145536-10941-3/2?&site=Partnership_MSP&epi=2017060277256&mpre=http%3A%2F%2Fwww.ebay.in%2Fitm%2FMotorola-Moto-G4-Play-4th-Gen-2GB-16B-Black-XT1602-%2F252893628855%3Faff_source%3Dmysmartprice&aff_source=mysmartprice',NULL,9499,'Free','3-5 Days delivery'),('http://rover.ebay.com/rover/1/4686-145536-10941-3/2?&site=Partnership_MSP&epi=2017060277992&mpre=http%3A%2F%2Fwww.ebay.in%2Fitm%2FMotorola-Moto-Turbo-64GB-BLACK-%2F272405548183%3Faff_source%3Dmysmartprice&aff_source=mysmartprice',NULL,25000,'Free','3-5 Days delivery'),('http://rover.ebay.com/rover/1/4686-145536-10941-3/2?&site=Partnership_MSP&epi=2017060278717&mpre=http%3A%2F%2Fwww.ebay.in%2Fitm%2FPanasonic-Eluga-Pulse-Volte-2GB-Ram-16GB-Rom-13-5-Mp-Camera-Rose-Gold-%2F182509001620%3Faff_source%3Dmysmartprice&aff_source=mysmartprice',NULL,9299,'Free','3-5 Days delivery'),('http://rover.ebay.com/rover/1/4686-145536-10941-3/2?&site=Partnership_MSP&epi=2017060278724&mpre=http%3A%2F%2Fwww.ebay.in%2Fitm%2FPANASONIC-I2-2GB-RAM-16GB-ROM-4G-VoLTE-TRUE-LTE-BTR-THN-XIAOMI-REDMI-3S-NOTE-4-%2F162473010451%3Faff_source%3Dmysmartprice&aff_source=mysmartprice',NULL,7499,'Free','3-5 Days delivery'),('http://rover.ebay.com/rover/1/4686-145536-10941-3/2?&site=Partnership_MSP&epi=2017060278799&mpre=http%3A%2F%2Fwww.ebay.in%2Fitm%2FMicromax-X917-Dual-Sim-2-8-Screen-Voice-Call-Recording-Black-%2F282381507451%3Faff_source%3Dmysmartprice&aff_source=mysmartprice',NULL,1145,'Free','3-5 Days delivery'),('http://rover.ebay.com/rover/1/4686-145536-10941-3/2?&site=Partnership_MSP&epi=2017060279273&mpre=http%3A%2F%2Fwww.ebay.in%2Fitm%2FIntex-Aqua-Lions-4G-1GB-Ram-8GB-Rom-5-2-MP-Camera-Champagne-%2F182537511572%3Faff_source%3Dmysmartprice&aff_source=mysmartprice',NULL,4899,'Free','3-5 Days delivery'),('http://rover.ebay.com/rover/1/4686-145536-10941-3/2?&site=Partnership_MSP&epi=2017060279373&mpre=http%3A%2F%2Fwww.ebay.in%2Fitm%2FIntex-Aqua-4-0-4G-512MB-Ram-4GB-Rom-Dual-Sim-champagne-%2F182537481917%3Faff_source%3Dmysmartprice&aff_source=mysmartprice',NULL,3699,'Free','3-5 Days delivery'),('http://rover.ebay.com/rover/1/4686-203594-43235-94/2?&site=Partnership_MSP&epi=2017060279460&mpre=http%3A%2F%2Fwww.ebay.in%2Fitm%2FBlackBerry-PRIV-Black-Open-box-new-%2F112330354409%3Faff_source%3Dmysmartprice&aff_source=mysmartprice',NULL,21490,'Free','3-5 Days delivery'),('http://shop.gadgetsnow.com/mobiles/smart-phones/redmi-note-3-16gb-gold-/10021/p_G10361?utm_source=mysmartprice&utm_medium=affiliate',NULL,9600,'Free','3-5 Days delivery'),('http://shop.gadgetsnow.com/mobiles/smart-phones/xiaomi-redmi-4-black-16gb-2gb-ram-/10021/p_G24601?utm_source=mysmartprice&utm_medium=affiliate',NULL,6999,'Free','3-5 Days delivery'),('http://shop.gadgetsnow.com/mobiles/smart-phones/xiaomi-redmi-4-gold-32gb-3gb-ram-/10021/p_G24607?utm_source=mysmartprice&utm_medium=affiliate',NULL,8999,'Free','3-5 Days delivery'),('http://www.amazon.in/dp/B00DQKUR4A/?&ie=UTF8&camp=3626&creative=24790&creativeASIN=9380349300&linkCode=as2&tag=mysm-21&ascsubtag=2017060276050',NULL,8999,'Free','2-4 Days delivery'),('http://www.amazon.in/dp/B00EAH8GLO/?&ie=UTF8&camp=3626&creative=24790&creativeASIN=9380349300&linkCode=as2&tag=mysm-21&ascsubtag=2017060279339',NULL,21800,'Free','2-4 Days delivery'),('http://www.amazon.in/dp/B00JS69E04/?&ie=UTF8&camp=3626&creative=24790&creativeASIN=9380349300&linkCode=as2&tag=mysm-21&ascsubtag=2017060277286',NULL,5999,'Free','2-4 Days delivery'),('http://www.amazon.in/dp/B00NM8JY68/?&ie=UTF8&camp=3626&creative=24790&creativeASIN=9380349300&linkCode=as2&tag=mysm-21&ascsubtag=2017060279075',NULL,1490,'Free','2-4 Days delivery'),('http://www.amazon.in/dp/B00PVWNLXA/?&ie=UTF8&camp=3626&creative=24790&creativeASIN=9380349300&linkCode=as2&tag=mysm-21&ascsubtag=2017060279067',NULL,10000,'Free','2-4 Days delivery'),('http://www.amazon.in/dp/B00RHWD4G6/?&ie=UTF8&camp=3626&creative=24790&creativeASIN=9380349300&linkCode=as2&tag=mysm-21&ascsubtag=2017060276451',NULL,11490,'Free','2-4 Days delivery'),('http://www.amazon.in/dp/B00UX6AJTI/?&ie=UTF8&camp=3626&creative=24790&creativeASIN=9380349300&linkCode=as2&tag=mysm-21&ascsubtag=2017060276469',NULL,6999,'Free','2-4 Days delivery'),('http://www.amazon.in/dp/B00UZ5O3XK/?&ie=UTF8&camp=3626&creative=24790&creativeASIN=9380349300&linkCode=as2&tag=mysm-21&ascsubtag=2017060276226',NULL,9000,'Free','2-4 Days delivery'),('http://www.amazon.in/dp/B010X66EAK/?&ie=UTF8&camp=3626&creative=24790&creativeASIN=9380349300&linkCode=as2&tag=mysm-21&ascsubtag=2017060277817',NULL,1050,'Free','2-4 Days delivery'),('http://www.amazon.in/dp/B014DYVWWS/?&ie=UTF8&camp=3626&creative=24790&creativeASIN=9380349300&linkCode=as2&tag=mysm-21&ascsubtag=2017060259652',NULL,10989,'Free','2-4 Days delivery'),('http://www.amazon.in/dp/B015FAR0GQ/?&ie=UTF8&camp=3626&creative=24790&creativeASIN=9380349300&linkCode=as2&tag=mysm-21&ascsubtag=2017060276503',NULL,11549,'Free','2-4 Days delivery'),('http://www.amazon.in/dp/B016191DV8/?&ie=UTF8&camp=3626&creative=24790&creativeASIN=9380349300&linkCode=as2&tag=mysm-21&ascsubtag=2017060276997',NULL,5545,'Free','2-4 Days delivery'),('http://www.amazon.in/dp/B0177UR8QE/?&ie=UTF8&camp=3626&creative=24790&creativeASIN=9380349300&linkCode=as2&tag=mysm-21&ascsubtag=2017060279486',NULL,33990,'Free','2-4 Days delivery'),('http://www.amazon.in/dp/B019SWFZ7S/?&ie=UTF8&camp=3626&creative=24790&creativeASIN=9380349300&linkCode=as2&tag=mysm-21&ascsubtag=2017060276270',NULL,8500,'Free','2-4 Days delivery'),('http://www.amazon.in/dp/B019XLGER4/?&ie=UTF8&camp=3626&creative=24790&creativeASIN=9380349300&linkCode=as2&tag=mysm-21&ascsubtag=2017060279309',NULL,17971,'Free','2-4 Days delivery'),('http://www.amazon.in/dp/B01A8DQS3G/?&ie=UTF8&camp=3626&creative=24790&creativeASIN=9380349300&linkCode=as2&tag=mysm-21&ascsubtag=2017060279390',NULL,22999,'Free','2-4 Days delivery'),('http://www.amazon.in/dp/B01C2T6HVM/?&ie=UTF8&camp=3626&creative=24790&creativeASIN=9380349300&linkCode=as2&tag=mysm-21&ascsubtag=2017060275109',NULL,9999,'Free','3-4 Days delivery'),('http://www.amazon.in/dp/B01C3Z59ZA/?&ie=UTF8&camp=3626&creative=24790&creativeASIN=9380349300&linkCode=as2&tag=mysm-21&ascsubtag=2017060276767',NULL,9449,'Free','2-4 Days delivery'),('http://www.amazon.in/dp/B01DBK3IZ4/?&ie=UTF8&camp=3626&creative=24790&creativeASIN=9380349300&linkCode=as2&tag=mysm-21&ascsubtag=2017060275224',NULL,42100,'Free','2-4 Days delivery'),('http://www.amazon.in/dp/B01DDP7GR8/?&ie=UTF8&camp=3626&creative=24790&creativeASIN=9380349300&linkCode=as2&tag=mysm-21&ascsubtag=2017060277265',NULL,9999,'Free','2-4 Days delivery'),('http://www.amazon.in/dp/B01ECG01GU/?&ie=UTF8&camp=3626&creative=24790&creativeASIN=9380349300&linkCode=as2&tag=mysm-21&ascsubtag=2017060277159',NULL,6970,'Free','2-4 Days delivery'),('http://www.amazon.in/dp/B01FW5JEIQ/?&ie=UTF8&camp=3626&creative=24790&creativeASIN=9380349300&linkCode=as2&tag=mysm-21&ascsubtag=2017060278759',NULL,8699,'Free','2-4 Days delivery'),('http://www.amazon.in/dp/B01FXSXGUE/?&ie=UTF8&camp=3626&creative=24790&creativeASIN=9380349300&linkCode=as2&tag=mysm-21&ascsubtag=2017060278722',NULL,6990,'Free','2-4 Days delivery'),('http://www.amazon.in/dp/B01HHXX89C/?&ie=UTF8&camp=3626&creative=24790&creativeASIN=9380349300&linkCode=as2&tag=mysm-21&ascsubtag=2017060278135',NULL,8490,'Free','2-4 Days delivery'),('http://www.amazon.in/dp/B01IP73KVA/?&ie=UTF8&camp=3626&creative=24790&creativeASIN=9380349300&linkCode=as2&tag=mysm-21&ascsubtag=2017060275512',NULL,8600,'Free','2-4 Days delivery'),('http://www.amazon.in/dp/B01ISPCPGK/?&ie=UTF8&camp=3626&creative=24790&creativeASIN=9380349300&linkCode=as2&tag=mysm-21&ascsubtag=2017060276935',NULL,8490,'Free','2-4 Days delivery'),('http://www.amazon.in/dp/B01JM1OHXS/?&ie=UTF8&camp=3626&creative=24790&creativeASIN=9380349300&linkCode=as2&tag=mysm-21&ascsubtag=2017060277250',NULL,1000,'Free','2-4 Days delivery'),('http://www.amazon.in/dp/B01M58J3Y8/?&ie=UTF8&camp=3626&creative=24790&creativeASIN=9380349300&linkCode=as2&tag=mysm-21&ascsubtag=2017060277929',NULL,6264,'Free','2-4 Days delivery'),('http://www.amazon.in/dp/B01M69Q6C3/?&ie=UTF8&camp=3626&creative=24790&creativeASIN=9380349300&linkCode=as2&tag=mysm-21&ascsubtag=2017060276643',NULL,62999,'Free','2-4 Days delivery'),('http://www.amazon.in/dp/B01MRL7WAV/?&ie=UTF8&camp=3626&creative=24790&creativeASIN=9380349300&linkCode=as2&tag=mysm-21&ascsubtag=2017060277717',NULL,1079,'Free','2-4 Days delivery'),('http://www.amazon.in/dp/B01MZFXPCV/?&ie=UTF8&camp=3626&creative=24790&creativeASIN=9380349300&linkCode=as2&tag=mysm-21&ascsubtag=2017060278803',NULL,1450,'Free','2-4 Days delivery'),('http://www.amazon.in/dp/B01N4WWCHN/?&ie=UTF8&camp=3626&creative=24790&creativeASIN=9380349300&linkCode=as2&tag=mysm-21&ascsubtag=2017060279348',NULL,3590,'Free','2-4 Days delivery'),('http://www.amazon.in/dp/B01N5N1TP4/?&ie=UTF8&camp=3626&creative=24790&creativeASIN=9380349300&linkCode=as2&tag=mysm-21&ascsubtag=2017060277230',NULL,1080,'Free','2-4 Days delivery'),('http://www.amazon.in/dp/B06WLMNRBQ/?&ie=UTF8&camp=3626&creative=24790&creativeASIN=9380349300&linkCode=as2&tag=mysm-21&ascsubtag=2017060279227',NULL,4799,'Free','2-4 Days delivery'),('http://www.amazon.in/dp/B06X1FHG72/?&ie=UTF8&camp=3626&creative=24790&creativeASIN=9380349300&linkCode=as2&tag=mysm-21&ascsubtag=2017060277202',NULL,1085,'Free','2-4 Days delivery'),('http://www.amazon.in/dp/B071VNQ7RT/?&ie=UTF8&camp=3626&creative=24790&creativeASIN=9380349300&linkCode=as2&tag=mysm-21&ascsubtag=2017060279277',NULL,3999,'Free','2-4 Days delivery'),('http://www.amazon.in/dp/B071VTHKQ6/?&ie=UTF8&camp=3626&creative=24790&creativeASIN=9380349300&linkCode=as2&tag=mysm-21&ascsubtag=2017060259669',NULL,14900,'Free','2-4 Days delivery'),('http://www.amazon.in/dp/B071YRW12Q/?&ie=UTF8&camp=3626&creative=24790&creativeASIN=9380349300&linkCode=as2&tag=mysm-21&ascsubtag=2017060278769',NULL,4599,'Free','2-4 Days delivery'),('http://www.amazon.in/Redmi-4-Black-16-GB/dp/B01MT0QKAG?ie=UTF8&camp=3626&creative=24790&creativeASIN=9380349300&linkCode=as2&tag=mysm-21&ascsubtag=2017060259617',NULL,6998,'Free','3-4 Days delivery'),('http://www.amazon.in/Redmi-4-Black-32-GB/dp/B01NAKU5HE?ie=UTF8&camp=3626&creative=24790&creativeASIN=9380349300&linkCode=as2&tag=mysm-21&ascsubtag=2017060275345',NULL,8998,'Free','3-4 Days delivery'),('http://www.croma.com/blackberry-priv-lte-black-32gb-/p/195721?cm_mmc=mysmartprice-_-affiliates-_-offers-_-na&utm_source=mysmartprice&utm_medium=affiliates&utm_campaign=na',NULL,34990,'Free','5-7 Days delivery'),('http://www.croma.com/moto-x-force-64gb-lte-black-/p/195475?cm_mmc=mysmartprice-_-affiliates-_-offers-_-na&utm_source=mysmartprice&utm_medium=affiliates&utm_campaign=na',NULL,32994,'Free','5-7 Days delivery'),('http://www.croma.com/samsung-galaxy-j2-2016-black-8gb-/p/198045?cm_mmc=mysmartprice-_-affiliates-_-offers-_-na&utm_source=mysmartprice&utm_medium=affiliates&utm_campaign=na',NULL,8890,'Free','5-7 Days delivery'),('http://www.croma.com/samsung-galaxy-j5-prime-black-32gb-mobile-phone/p/203357?cm_mmc=mysmartprice-_-affiliates-_-offers-_-na&utm_source=mysmartprice&utm_medium=affiliates&utm_campaign=na',NULL,14900,'Free','5-7 Days delivery'),('http://www.croma.com/samsung-galaxy-j7-black-16gb-/p/193209?cm_mmc=mysmartprice-_-affiliates-_-offers-_-na&utm_source=mysmartprice&utm_medium=affiliates&utm_campaign=na',NULL,10990,'Free','5-7 Days delivery'),('http://www.croma.com/samsung-galaxy-s7-black-32gb-/p/196130?cm_mmc=mysmartprice-_-affiliates-_-offers-_-na&utm_source=mysmartprice&utm_medium=affiliates&utm_campaign=na',NULL,43400,'Free','5-7 Days delivery'),('http://www.mi.com/in/redmi4/?utm_source=Branding_Redmi4&utm_medium=MSP&utm_campaign=topwidget&utm_content=1605',NULL,6999,'Free','10-15 Days delivery'),('http://www.shop.gadgetsnow.com/mobiles/smart-phones/intex-aqua-lions-4g-8gb-grey-/10021/p_G22777?utm_source=mysmartprice&utm_medium=affiliate',NULL,4444,'Free','3-5 Days delivery'),('http://www.shop.gadgetsnow.com/mobiles/smart-phones/lyf-wind-4s-4g-volte-16gb-brown-/10021/p_G22376?utm_source=mysmartprice&utm_medium=affiliate',NULL,5875,'Free','3-5 Days delivery'),('http://www.shop.gadgetsnow.com/mobiles/smart-phones/micromax-canvas-mega-4g-q417-16gb-blue-/10021/p_G20154?utm_source=mysmartprice&utm_medium=affiliate',NULL,6730,'Free','3-5 Days delivery'),('http://www.shop.gadgetsnow.com/mobiles/smart-phones/samsung-galaxy-j2-2016-edition-8gb-black-/10021/p_G16858?utm_source=mysmartprice&utm_medium=affiliate',NULL,7999,'Free','3-5 Days delivery'),('http://www.shop.gadgetsnow.com/mobiles/smart-phones/samsung-galaxy-j7-16gb-black-/10021/p_G10287?utm_source=mysmartprice&utm_medium=affiliate',NULL,10490,'Free','3-5 Days delivery'),('https://dl.flipkart.com/dl/asus-zenfone-2-deluxe-ze551ml-white-64-gb/p/itme9j58hnpg73sk?pid=MOBE9J58VDHXYVVD&affid=sulakshanm&affExtParam1=electronics&affExtParam2=2017060276541',NULL,22999,'Free','3-5 Days delivery'),('https://dl.flipkart.com/dl/asus-zenfone-2-laser-ze500kl-black-8-gb/p/itme9j58vmc3kqfr?pid=MOBE9J58TEQ2U87Z&affid=sulakshanm&affExtParam1=electronics&affExtParam2=2017060276490',NULL,9450,'Free','3-5 Days delivery'),('https://dl.flipkart.com/dl/asus-zenfone-2-silver-16-gb/p/itme9j586mvs8ucu?pid=MOBE9J58PB3DHRDW&affid=sulakshanm&affExtParam1=electronics&affExtParam2=2017060276566',NULL,13999,'Free','3-5 Days delivery'),('https://dl.flipkart.com/dl/blackberry-priv-black-32-gb/p/itmepzfe3ydyghz2?pid=MOBEPZFEFYJYFRWY&affid=sulakshanm&affExtParam1=electronics&affExtParam2=2017060279483',NULL,32990,'Free','3-5 Days delivery'),('https://dl.flipkart.com/dl/htc-desire-626-dual-sim-lte-white-birch-16-gb/p/itmemzmtzbazugmz?pid=MOBEFSQX46Q2HRZF&affid=sulakshanm&affExtParam1=electronics&affExtParam2=2017060276776',NULL,9478,'Free','3-5 Days delivery'),('https://dl.flipkart.com/dl/htc-desire-816g-octa-core-white-16-gb/p/itme5z8pru3auarj?pid=MOBE4C8CGEA2M7C6&affid=sulakshanm&affExtParam1=electronics&affExtParam2=2017060279345',NULL,21990,'Free','Out of stock'),('https://dl.flipkart.com/dl/htc-desire-820s-milkyway-grey-16-gb/p/itme9yzbytdydzjn?pid=MOBE5MFBYSSPZWYU&affid=sulakshanm&affExtParam1=electronics&affExtParam2=2017060279311',NULL,10999,'Free','Out of stock'),('https://dl.flipkart.com/dl/intex-aqua-4-0-4g-black-4-gb/p/itmer7s8tvp7utzu?pid=MOBER7S8M4BEEPH2&affid=sulakshanm&affExtParam1=electronics&affExtParam2=2017060279382',NULL,3779,'Free','3-5 Days delivery'),('https://dl.flipkart.com/dl/intex-aqua-lions-4g-champange-8-gb/p/itmervf9jwdc2wqv?pid=MOBERVFBNNJAPYGA&affid=sulakshanm&affExtParam1=electronics&affExtParam2=2017060279241',NULL,4799,'Free','3-5 Days delivery'),('https://dl.flipkart.com/dl/karbonn-k9-boss/p/itmezmdcg9yh4snv?pid=MOBEZMD8Y9F6WDD7&affid=sulakshanm&affExtParam1=electronics&affExtParam2=2017060277726',NULL,1129,'Free','3-5 Days delivery'),('https://dl.flipkart.com/dl/karbonn-titanium-s4-black-4-gb/p/itme6g49nhhjfg9s?pid=MOBDRYWHA3ZU9BRT&affid=sulakshanm&affExtParam1=electronics&affExtParam2=2017060279113',NULL,13298,'Free','3-5 Days delivery'),('https://dl.flipkart.com/dl/lenovo-s930-silver-8-gb/p/itmdsn9rwdsnetyc?pid=MOBDSN9HMAYFGMVY&affid=sulakshanm&affExtParam1=electronics&affExtParam2=2017060279167',NULL,13604,'Free','3-5 Days delivery'),('https://dl.flipkart.com/dl/lenovo-vibe-k5-note-gold-32-gb/p/itmejj6kczvxej4g?pid=MOBEJJ6K5A3GQ9SU&affid=sulakshanm&affExtParam1=electronics&affExtParam2=2017060276737',NULL,11499,'Free','3-5 Days delivery'),('https://dl.flipkart.com/dl/lyf-wind-4s-brown-16-gb/p/itmeqs3khtcyzmge?pid=MOBEQS3KGYN2AG7F&affid=sulakshanm&affExtParam1=electronics&affExtParam2=2017060277932',NULL,6330,'Free','3-5 Days delivery'),('https://dl.flipkart.com/dl/micromax-canvas-mega-4g-blue-16-gb/p/itmeef7f8f3aqpzy?pid=MOBEEF7FGYUHZMQ8&affid=sulakshanm&affExtParam1=electronics&affExtParam2=2017060276348',NULL,10299,'Free','3-5 Days delivery'),('https://dl.flipkart.com/dl/micromax-canvas-pulse-4g-grey-16-gb/p/itmedsak5secaz9v?pid=MOBEDSAKYCSDYETF&affid=sulakshanm&affExtParam1=electronics&affExtParam2=2017060277182',NULL,6999,'Free','Out of stock'),('https://dl.flipkart.com/dl/micromax-q400-black-8-gb/p/itmecpk2sg2t9z4q?pid=MOBECPK22PTGADZR&affid=sulakshanm&affExtParam1=electronics&affExtParam2=2017060277067',NULL,7000,'Free','3-5 Days delivery'),('https://dl.flipkart.com/dl/moto-e3-power-black-16-gb/p/itmekgt2fbywqgcv?pid=MOBEKGT2HGDGADFW&affid=sulakshanm&affExtParam1=electronics&affExtParam2=2017060259629',NULL,7499,'Free','3-5 Days delivery'),('https://dl.flipkart.com/dl/moto-g-turbo-white-16-gb/p/itmecc4uhbue7ve6?pid=MOBECC4UQTJ5QZFR&affid=sulakshanm&affExtParam1=electronics&affExtParam2=2017060276843',NULL,9199,'Free','3-5 Days delivery'),('https://dl.flipkart.com/dl/moto-turbo-black-64-gb/p/itme45h87vyhb3mg?pid=MOBE45H673ZGUCVX&affid=sulakshanm&affExtParam1=electronics&affExtParam2=2017060278005',NULL,31999,'Free','3-5 Days delivery'),('https://dl.flipkart.com/dl/moto-x-force-black-64-gb/p/itmefqpktzg2kpdz?pid=MOBEEFX2DU9FGGEP&affid=sulakshanm&affExtParam1=electronics&affExtParam2=2017060279395',NULL,29999,'Free','3-5 Days delivery'),('https://dl.flipkart.com/dl/panasonic-eluga-pulse-gold-16-gb/p/itmesq3p6eygcwpf?pid=MOBESQ3PM8XWHX3E&affid=sulakshanm&affExtParam1=electronics&affExtParam2=2017060278719',NULL,9399,'Free','3-5 Days delivery'),('https://dl.flipkart.com/dl/redmi-note-3-silver-16-gb/p/itmeuyycyww8uwnu?pid=MOBEG3ZZZXRUTVN4&affid=sulakshanm&affExtParam1=electronics&affExtParam2=2017060275202',NULL,10299,'Free','1-7 Days delivery'),('https://dl.flipkart.com/dl/samsung-galaxy-j2-2016-black-8-gb/p/itmeheuhgpdthrey?pid=MOBEHEUH4HYRT7TZ&affid=sulakshanm&affExtParam1=electronics&affExtParam2=2017060275521',NULL,8750,'Free','3-5 Days delivery'),('https://dl.flipkart.com/dl/samsung-galaxy-j5-prime-gold-32-gb/p/itmeu7jz5egxaghm?pid=MOBEU7JZE4GAQM24&affid=sulakshanm&affExtParam1=electronics&affExtParam2=2017060259677',NULL,14900,'Free','3-5 Days delivery'),('https://dl.flipkart.com/dl/samsung-galaxy-j7-white-16-gb/p/itme9c8et7parvhy?pid=MOBE93GW9XJXNXES&affid=sulakshanm&affExtParam1=electronics&affExtParam2=2017060259659',NULL,10990,'Free','3-5 Days delivery'),('https://dl.flipkart.com/dl/samsung-galaxy-on7-black-8-gb/p/itmedhx3jgmu2gps?pid=MOBECCA5SMRSKCNY&affid=sulakshanm&affExtParam1=electronics&affExtParam2=2017060274707',NULL,8490,'Free','3-5 Days delivery'),('https://dl.flipkart.com/dl/samsung-galaxy-s7-silver-titanium-32-gb/p/itmehgj9xtbrfpuf?pid=MOBEGFZPKXDMDBJ2&affid=sulakshanm&affExtParam1=electronics&affExtParam2=2017060275242',NULL,43400,'Free','3-5 Days delivery'),('https://dl.flipkart.com/dl/xolo-q600-white-4-gb/p/itmdmdh9uzydrypj?pid=MOBDMDKSFWGFG5MW&affid=sulakshanm&affExtParam1=electronics&affExtParam2=2017060275946',NULL,6935,'Free','3-5 Days delivery'),('https://gadgets360.com/shop/iball-diamond-2-feature-phone-black-and-blue-343432332d37343533?utm_source=mysmartprice&utm_medium=affiliate&utm_campaign=Gadgets360shop&affid=17786',NULL,1099,'Free','1-7 Days delivery'),('https://gadgets360.com/shop/intex-aqua-4-0-4g-black-4gb-343337342d37333732?utm_source=mysmartprice&utm_medium=affiliate&utm_campaign=Gadgets360shop&affid=17786',NULL,3750,'Free','1-7 Days delivery'),('https://gadgets360.com/shop/lenovo-vibe-k5-note-4-gb-ram-32-gb-gold-343631312d37373337?utm_source=mysmartprice&utm_medium=affiliate&utm_campaign=Gadgets360shop&affid=17786',NULL,11899,'Free','1-7 Days delivery'),('https://gadgets360.com/shop/lyf-wind-4s-blue-16-gb-333737342d36333834?utm_source=mysmartprice&utm_medium=affiliate&utm_campaign=Gadgets360shop&affid=17786',NULL,6150,'Free','1-7 Days delivery'),('https://gadgets360.com/shop/micromax-canvas-blaze-q400-black-8-gb-323038312d33363135?utm_source=mysmartprice&utm_medium=affiliate&utm_campaign=Gadgets360shop&affid=17786',NULL,5430,'Free','1-7 Days delivery'),('https://gadgets360.com/shop/micromax-canvas-mega-4g-q417-blue-16-gb-333638332d36323333?utm_source=mysmartprice&utm_medium=affiliate&utm_campaign=Gadgets360shop&affid=17786',NULL,9349,'Free','1-7 Days delivery'),('https://gadgets360.com/shop/micromax-canvas-unite-4-pro-q465-4g-gold-16gb-343731372d37383933?utm_source=mysmartprice&utm_medium=affiliate&utm_campaign=Gadgets360shop&affid=17786',NULL,6949,'Free','1-7 Days delivery'),('https://gadgets360.com/shop/panasonic-eluga-i2-4g-with-2-gb-ram-metallic-silver-16-gb-323734322d36323335?utm_source=mysmartprice&utm_medium=affiliate&utm_campaign=Gadgets360shop&affid=17786',NULL,7490,'Free','1-7 Days delivery'),('https://gadgets360.com/shop/samsung-galaxy-j7-4g-black-16-gb-33382d313031?utm_source=mysmartprice&utm_medium=affiliate&utm_campaign=Gadgets360shop&affid=17786',NULL,10650,'Free','1-7 Days delivery'),('https://gadgets360.com/shop/xiaomi-redmi-note-3-grey-16-gb-2-gb-ram-323332312d37373237?utm_source=mysmartprice&utm_medium=affiliate&utm_campaign=Gadgets360shop&affid=17786',NULL,10499,'Free','1 Day delivery'),('https://shopmonk.com/asus-zenfone-2-dual-ze550ml?storage=331&color=203&utm_source=mysmartprice&utm_medium=affiliate',NULL,11990,'Free','7-14 Days delivery'),('https://shopmonk.com/blackberry-priv?storage=334&color=124&ram=4061&utm_source=mysmartprice&utm_medium=affiliate',NULL,27503,'Free','7-14 Days delivery'),('https://shopmonk.com/motorola-moto-e3-power?storage=331&color=124&ram=2414&utm_source=mysmartprice&utm_medium=affiliate',NULL,10893,'Free','7-14 Days delivery'),('https://shopmonk.com/samsung-galaxy-s7-4g?storage=334&color=125&utm_source=mysmartprice&utm_medium=affiliate',NULL,36890,'Free','7-14 Days delivery'),('https://shopmonk.com/sony-xperia-e4-dual?storage=335&color=124&utm_source=mysmartprice&utm_medium=affiliate',NULL,6900,'Free','7-14 Days delivery'),('https://www.infibeam.com/Mobiles/htc-desire-626-4g-lte/P-mobi-8540127334-cat-z.html?trackId=gadget_store&subTrackId=2017060276822#variantId=P-mobi-93439408160',NULL,9890,'Free','1-2 Days delivery'),('https://www.infibeam.com/Mobiles/xolo-q600/P-mobi-89450943239-cat-z.html?trackId=gadget_store&subTrackId=2017060275985#variantId=P-mobi-63394598524',NULL,7495,'Free','1 Days delivery'),('https://www.tatacliq.com/htc-desire-626-dual-sim-lte-16gb-blue-lagoon/p-mp000000000060041?cid=af:products:mysmartprice:cps:2017060276824',NULL,10499,'Free','4-5 Days delivery'),('https://www.tatacliq.com/intex-aqua-4-0-4g-dual-sim-4-gb-black/p-mp000000001118983?cid=af:products:mysmartprice:cps:2017060279353',NULL,3499,'Free','4-5 Days delivery'),('https://www.tatacliq.com/intex-aqua-lions-4g-dual-sim-8gb-rom-with-1gb-ram-grey/p-mp000000001171589?cid=af:products:mysmartprice:cps:2017060279270',NULL,4799,'Free','4-5 Days delivery'),('https://www.tatacliq.com/intex-aqua-zenith-8-gb-champagne-1gb-ram-dual-sim-4g/p-mp000000001452704?cid=af:products:mysmartprice:cps:2017060278771',NULL,4599,'Free','4-5 Days delivery'),('https://www.tatacliq.com/lyf-wind-4s-4g-dual-sim-16-gb-blue/p-mp000000000838476?cid=af:products:mysmartprice:cps:2017060277979',NULL,6340,'Free','4-5 Days delivery'),('https://www.tatacliq.com/micromax-canvas-mega-4g-dual-sim-16-gb-blue/p-mp000000000822626?cid=af:products:mysmartprice:cps:2017060276280',NULL,9405,'Free','4-5 Days delivery'),('https://www.tatacliq.com/micromax-canvas-pulse-4g-e451-dual-sim-16-gb-grey/p-mp000000000195966?cid=af:products:mysmartprice:cps:2017060277172',NULL,8840,'Free','4-5 Days delivery'),('https://www.tatacliq.com/micromax-canvas-unite-4-pro-q465-4g-dual-sim-16-gb-gold/p-mp000000000637081?cid=af:products:mysmartprice:cps:2017060276395',NULL,7590,'Free','4-5 Days delivery'),('https://www.tatacliq.com/motorola-x-force-64-gb-grey/p-mp000000000138818?cid=af:products:mysmartprice:cps:2017060279408',NULL,32994,'Free','4-5 Days delivery');
/*!40000 ALTER TABLE `store` ENABLE KEYS */;
UNLOCK TABLES;
/*!40103 SET TIME_ZONE=@OLD_TIME_ZONE */;

/*!40101 SET SQL_MODE=@OLD_SQL_MODE */;
/*!40014 SET FOREIGN_KEY_CHECKS=@OLD_FOREIGN_KEY_CHECKS */;
/*!40014 SET UNIQUE_CHECKS=@OLD_UNIQUE_CHECKS */;
/*!40101 SET CHARACTER_SET_CLIENT=@OLD_CHARACTER_SET_CLIENT */;
/*!40101 SET CHARACTER_SET_RESULTS=@OLD_CHARACTER_SET_RESULTS */;
/*!40101 SET COLLATION_CONNECTION=@OLD_COLLATION_CONNECTION */;
/*!40111 SET SQL_NOTES=@OLD_SQL_NOTES */;

-- Dump completed on 2017-06-03 12:16:42
